Date,Open_min,Open_max,Open_std,Open_mean,High_min,High_max,High_std,High_mean,Low_min,Low_max,Low_std,Low_mean,Close_min,Close_max,Close_std,Close_mean,Vol_BTC_min,Vol_BTC_max,Vol_BTC_std,Vol_BTC_mean,Vol_Currency_min,Vol_Currency_max,Vol_Currency_std,Vol_Currency_mean,Wt_Price_min,Wt_Price_max,Wt_Price_std,Wt_Price_mean,score,date
2018-03-04,11058.93,11511.0,115.39643971115815,11241.75062500002,11073.02,11511.0,116.00431917305104,11247.493493055572,11054.91,11502.6,114.7252506854511,11236.083256944454,11058.59,11509.93,115.51609569272594,11242.097152777793,0.0006155,484.33894215,16.11478296403166,4.764391200125001,6.890725615,5483271.3285,182467.21707948542,53741.19377181585,11061.171048999999,11508.370551,115.508496154078,11241.63840684166,4.1245909983,2018-03-04
2017-12-19,16849.16,19113.32,540.6397098499026,18321.422215277762,16892.97,19160.79,532.882093999347,18343.25347916665,16831.26,19088.06,549.4428325296482,18294.02502777779,16849.16,19113.32,540.9429250815303,18320.41626388884,0.07573415,303.15702079,21.88426197855203,14.967976142618031,1430.1372908,5147926.1835,384996.2064513049,269205.52040692494,16859.744036,19098.512406,541.2112904992508,18318.28161548887,4.1245734656,2017-12-19
2017-12-24,12499.99,14619.0,497.11847878783095,13656.271666666653,12540.39,14619.1,493.59423764126984,13685.862340277821,12488.0,14582.6,496.6025275848575,13620.099291666655,12499.99,14600.0,497.04030988910256,13656.086034722228,0.01564631,359.42483378,20.786597010833983,12.860756473986099,204.89798851,5067908.0144,280907.8726709203,173941.96086464732,12502.754693,14608.972793,496.37609685517214,13652.628406286822,4.0966478553,2017-12-24
2017-12-20,15483.23,17939.99,449.3402404292439,16835.57545833334,15506.09,17950.0,445.8021208095878,16866.888812500016,15343.04,17878.53,453.7299224436343,16797.716881944452,15450.0,17920.34,448.37577893003044,16834.521375000026,0.58806089,296.16977042,25.803816645957138,21.647381115763892,10081.540083,4604197.9146,426352.24150929204,362048.9934780416,15399.792288999999,17936.821622,449.2846920117806,16831.69035647014,4.0898930234,2017-12-20
2017-12-22,11200.0,15795.5,836.715679136916,13762.157527777757,11250.12,15795.61,827.6340317995443,13810.352763888892,11159.93,15783.0,844.053217953901,13710.411187500013,11200.0,15783.0,835.4958785396367,13761.145826388869,0.07366756,317.03030496,39.449916617348286,39.89279338809719,1046.0056844,4238645.4462,505925.1789699424,536217.6949273001,11185.521621,15789.52655,835.459423024583,13759.479205877766,4.0872195923,2017-12-22
2018-02-22,9731.28,10934.99,353.93807443316956,10273.241131944487,9739.14,10935.0,352.72609291238354,10284.450847222253,9731.2,10928.19,355.0869810684675,10260.976729166678,9731.31,10935.0,354.04437072764085,10272.655520833341,0.00080788,488.56655569,26.722115927821175,14.034569814437502,8.419991960399999,4993126.7071,271967.70690638,143129.0511513701,9731.8911684,10932.218046,354.0889792747601,10272.359807317222,4.0839273203,2018-02-22
2017-12-28,13500.0,15466.79,417.8648017593976,14249.407201388902,13559.95,15474.19,414.1337844884767,14277.564465277777,13500.0,15415.39,418.64164251358244,14216.34013194446,13500.0,15455.0,417.0029817373101,14248.632048611133,0.03478,340.92305274,17.636425161122776,11.498067585215251,532.70659043,4671106.652,247061.54282938258,162797.62398518453,13533.138938,15463.203289,416.6482708166698,14246.326809279137,4.0572907798,2017-12-28
2018-02-06,5945.95,8150.0,543.497215787438,6827.44482638889,5975.06,8150.0,542.6109032386768,6852.23821527778,5920.72,8130.01,542.1731944660672,6804.671611111112,5944.0,8150.0,543.7340564752385,6828.462006944439,0.61620319,511.90826124,57.40926737185858,49.27872892934726,3838.3137420999997,4168012.0710000005,411253.91120599344,338544.75419656996,5949.997212300001,8142.1074567000005,543.6585001837041,6828.327463351177,4.0425958579,2018-02-06
2018-01-14,13099.98,14365.81,319.14745669299754,13680.841847222226,13144.16,14365.81,318.20247189335953,13695.52052083334,13072.22,14355.59,320.86393222856015,13663.303520833382,13099.98,14365.81,320.15522712454316,13679.928909722257,0.00481845,345.89618991,13.052647136863204,5.270530583694454,68.69045395,4620885.9059,175154.17669007933,71386.67495800878,13104.659559,14365.706435,320.3529222234099,13679.825228031243,4.0393698413,2018-01-14
2018-04-20,8222.73,8926.04,137.49289113175283,8445.218069444458,8238.53,8934.0,138.79068877792884,8450.221687500016,8216.9,8910.0,136.49661722302278,8439.539006944433,8227.57,8927.5,137.66749086495074,8445.635604166675,0.020333900000000002,536.9525012,26.33217950139288,11.152515743986102,172.78304513,4500352.623,222734.0482409485,94630.48627481228,8226.7368168,8922.1165408,137.53422537566848,8445.13683254687,4.0209953643,2018-04-20
2017-12-10,13040.0,15384.99,702.2978762508835,14135.844847222239,13051.0,15385.0,702.1954958627286,14165.287680555568,13011.0,15300.0,700.6027035812044,14102.118055555558,13040.0,15385.0,702.5271754158217,14134.664791666688,0.0062023,295.79210261,19.266099237036677,12.838877111798606,84.600798529,4259371.6633,277798.8447226882,182743.5194472064,13023.710648,15348.542467,701.6252813371631,14132.601710642339,4.0138825127,2017-12-10
2017-12-26,13759.86,16134.1,645.3051743451537,15243.936465277753,13799.0,16147.87,645.7711574306144,15266.987041666682,13746.95,16109.95,646.7026524783727,15217.770479166627,13747.0,16120.0,645.8393022467245,15243.615263888882,0.016071000000000002,272.77923014,16.653221669034153,10.452197234451397,225.74258718,4242992.8438,256367.0114010452,160362.89524643155,13761.119431000001,16123.062894,646.1367867092495,15242.60779660485,4.0106529742,2017-12-26
2017-09-13,3735.16,4178.12,91.38713081942097,3934.595305555561,3743.86,4179.14,91.19877778889227,3938.995006944461,3720.01,4177.9,91.49930382446341,3929.2389861111023,3735.17,4178.99,91.13829282755097,3934.011493055559,0.00201906,1157.4183123,42.51763527144028,20.593287547555573,8.0384431968,4339350.1712,162124.76067877517,80270.28762520672,3735.5997544,4178.6443899000005,91.25410726152448,3933.7291541672203,4.0020469885,2017-09-13
2018-03-08,9089.99,10123.41,266.44491942727353,9706.003194444469,9110.0,10150.0,266.0030485473092,9717.513479166684,9078.95,10108.01,267.05476316041324,9693.855479166676,9091.72,10127.83,266.35450611719716,9705.391458333352,0.01806,437.19041798,26.90527879448711,15.640574631881911,168.9614136,4244310.8854,260134.0336865348,150951.47286087307,9091.3033769,10129.00672,266.81120168141103,9705.47006482103,4.0007821022,2018-03-08
2018-01-29,10992.0,11805.0,152.46550599251233,11284.357048611146,11024.85,11820.01,153.19923886672237,11295.898368055576,10991.0,11790.1,152.3215905589664,11272.00056249997,10992.0,11805.0,152.6980175444951,11283.896194444453,0.00132,380.11055116,14.620634700256566,6.949173435201379,14.836562400000002,4318846.1802,165420.83883444016,78419.2894524493,11001.519647,11809.685038,153.1846417359954,11283.720742806261,3.9997863808,2018-01-29
2018-01-02,12939.99,15251.7,581.3331372281958,13876.355194444444,12950.18,15257.53,585.3961919583411,13898.509590277774,12910.58,15190.0,579.8058312086691,13855.027465277779,12940.0,15253.0,582.057058269318,13879.358895833342,0.02144212,308.03728524,21.5619880158153,11.319214793604171,288.47898669,4081408.5322,303599.7935965494,159124.19727556128,12932.761563,15228.646803,582.7756671312138,13877.579910547882,3.9963044224,2018-01-02
2018-04-16,7909.0,8408.99,111.7163367995115,8080.050145833345,7918.25,8424.99,112.58919766829311,8086.099590277789,7905.0,8397.08,110.99919192795014,8073.745312500004,7909.0,8413.98,111.5383049036587,8080.020305555557,0.00094862,535.56875571,20.440072549568605,7.546252053812501,7.6158249184,4288373.4232,165124.3126327678,61106.92097965643,7909.5372192,8416.477288600001,111.87081355373955,8079.964366643196,3.9939223095,2018-04-16
2018-03-14,7950.0,9355.01,397.5518944629723,8770.06415972224,7968.2,9356.14,394.9546696648062,8778.923090277793,7948.0,9336.17,399.547310032874,8760.073541666676,7954.02,9355.01,397.4973832121531,8769.349694444441,0.00075,473.61705282,29.12465114760258,14.726060389326372,6.9234,4191404.9944,250158.09084359568,126627.99166088903,7953.171561499999,9348.2171411,397.3628722611785,8769.04168684514,3.9936599518,2018-03-14
2018-02-05,6601.47,8335.56,470.1907446035145,7612.417520833322,6617.52,8335.56,467.0719558247153,7631.074541666662,6600.0,8330.0,473.5988038647091,7592.156124999991,6601.47,8335.56,470.3563613585562,7611.722958333325,0.01,580.64639131,47.503844070202405,32.32252000299302,81.3096,3943735.2091,341657.23979161633,237646.27406144072,6610.322478399999,8332.9418451,470.67147250008225,7611.002286218681,3.9904729195,2018-02-05
2018-01-11,12852.73,14955.0,433.1353031256437,13697.686124999997,12933.6,14973.07,428.53072989305883,13726.54425000001,12800.0,14919.99,436.2150471884261,13666.854923611101,12852.73,14955.0,432.86961982718555,13697.100145833341,0.01361092,311.84717051,18.73321135380291,13.660609672319454,196.51615922,4029457.5825,250927.09009174103,185700.77065731343,12866.339609999999,14946.589348,432.5434822510769,13694.964570708304,3.9845093859,2018-01-11
2018-03-09,8373.0,9407.55,213.49324578410267,8908.210347222222,8400.91,9420.39,211.49601293606446,8923.644263888897,8366.0,9395.7,215.76312071582072,8893.470576388885,8375.1,9419.0,213.7900204421436,8907.997486111099,0.058275400000000005,469.35360014,30.48616255464024,20.16132736739578,545.9805631,4062471.8052,267538.1414544532,178634.78619168006,8377.0007177,9410.5891863,213.87609414808728,8908.27594476591,3.9838765931,2018-03-09
2018-01-05,14811.0,17089.99,666.4050495895499,15790.230722222166,14845.0,17200.0,665.6370136765445,15811.529298611113,14810.0,17075.65,665.7668402632236,15768.25528472222,14820.0,17090.03,666.457750396804,15792.452506944403,0.00058886,231.11497698,15.063060211833324,11.28396852747223,8.8141389204,3954660.0731,244276.99627057108,180344.37003707828,14814.893463,17111.223707,666.6777522317934,15790.44614531669,3.9823492893,2018-01-05
2018-04-23,8780.73,8985.48,37.28282366170123,8895.44568055555,8788.39,9006.39,37.084593508005725,8900.101673611129,8771.22,8973.22,37.08274723390683,8889.630340277752,8779.45,8985.26,37.02156915871132,8895.62331249999,0.00334183,467.05669763,19.462672160101935,7.144703912125002,29.796658574000002,4109907.0338,172358.9890507382,63518.56665078171,8776.898888,8994.411765500001,37.02719685347752,8895.179734376054,3.9744260016,2018-04-23
2018-02-26,9380.0,10458.99,336.07389118295004,9909.615500000056,9396.92,10461.97,336.90402657521184,9919.013215277835,9376.34,10444.76,335.2978754193315,9901.080138888909,9380.0,10458.9,335.78108086290814,9910.592527777806,0.00108352,400.81379661,22.965070793469078,11.229544123784702,10.515886656000001,4006654.4842,233279.07939982763,112806.04890802315,9382.500178299999,10459.496512,336.31317566075364,9909.974370257378,3.9687520082,2018-02-26
2018-04-22,8760.01,9010.0,46.89624420620283,8888.576861111116,8770.25,9036.52,46.107597323714316,8894.06548611112,8760.0,8999.21,47.10927246095991,8882.281798611106,8760.01,9019.99,47.00253365454265,8888.387819444462,0.0015527000000000002,446.61750037,17.453845215817644,6.490901597125004,13.68953482,4027241.7385,156095.4596539784,57703.47331264769,8767.2522433,9017.205405399998,46.453170585441946,8888.504908557366,3.9650463894,2018-04-22
2018-03-12,8750.01,9889.99,278.1462447362773,9436.962798611112,8817.45,9892.0,277.02091245561456,9447.098534722232,8742.07,9881.99,280.7355395598601,9426.311354166644,8750.01,9888.0,278.61116946713355,9436.36200694445,0.0015,404.42812788,26.51833413645633,13.037733873159729,14.314875,3949285.3682,246285.39337486608,121755.61405955462,8773.5884231,9889.1971672,279.14660526824343,9436.661337237923,3.9647839679,2018-03-12
2018-01-30,9740.08,11222.36,404.7613090209382,10630.126229166704,9800.0,11222.36,401.26149190692433,10643.088562500012,9731.2,11222.31,408.9111625811241,10613.95013194444,9750.0,11222.34,405.4293393192938,10628.612597222236,0.00095398,351.36035475,25.34107239269062,14.650252326430536,10.49949434,3822398.2788,262053.598446647,152309.0815152876,9749.316581899999,11222.31735,405.1442145971359,10627.919278862691,3.9631398157,2018-01-30
2017-12-27,14485.0,16480.48,477.60695111560096,15582.458444444394,14555.0,16480.52,472.2487677557933,15606.402291666685,14484.0,16472.57,480.3808462908218,15552.000166666661,14485.0,16480.52,477.26475219281576,15581.444701388853,0.04650429,242.44282899,14.975809336177301,10.863718668159722,731.59369814,3658127.7585,228955.25152937582,167959.0174514124,14493.33374,16480.056962,476.9800119998889,15579.674561490996,3.9527269354,2017-12-27
2018-05-09,8978.91,9360.85,101.1203956062461,9193.279895833355,8985.31,9368.79,100.58634676400713,9197.651173611146,8974.62,9352.31,101.59402745331461,9188.03563888889,8974.62,9360.99,101.26305549191957,9193.325472222248,0.00325674,412.77044691,17.86857515327359,7.896524252277782,30.223980269000002,3796755.4763,164319.36272675556,72448.59792404967,8979.7172465,9362.510045899999,101.08999158793138,9192.932591007773,3.9467084499,2018-05-09
2018-03-07,9479.99,10897.99,384.7771476661534,10400.516743055574,9514.19,10911.78,380.14179922299667,10411.691006944458,9450.0,10889.48,389.2208798253917,10389.087347222212,9480.0,10907.02,385.0419098082983,10399.997006944468,0.0039998,342.64888807,33.31543990370036,18.13748743033332,42.966751555,3426873.6455,329732.25205674605,183413.64815887934,9474.6078263,10902.219461,384.5243851594782,10400.190755142938,3.9365444048,2018-03-07
2018-01-15,13437.74,14370.0,211.58967693960034,13823.496215277768,13446.5,14394.36,211.63651963315698,13836.908347222237,13429.25,14342.47,211.334160721497,13806.474097222219,13429.25,14369.98,211.07387689630391,13821.277097222206,0.00881547,265.16554271,12.219938437648837,6.558774519611099,121.65348600000002,3637081.3179,169435.32114669212,91006.84192001435,13435.918308000002,14379.323324,211.4879466966082,13821.791453646538,3.934547017,2018-01-15
2018-02-03,8170.72,9474.91,345.14765231813743,8911.80413888892,8178.24,9491.2,344.0810284508182,8925.74161805557,8170.71,9458.72,345.75361805420226,8897.47680555556,8170.81,9477.56,344.95098113984005,8912.281611111122,0.00194272,408.92472072,22.140296914463644,11.265106544479156,17.999941898,3650409.5079,197842.71719644987,100574.90093550546,8171.1748771,9470.8096339,345.4138729388147,8910.521680160093,3.9289507412,2018-02-03
2018-02-17,10069.04,11135.83,199.93561081597522,10677.5130486111,10088.56,11135.83,199.90966950255086,10686.27363888888,10053.5,11120.0,199.93563201184094,10668.411875000005,10080.61,11129.99,199.92350221545536,10677.811173611124,0.00832329,344.24247972,19.207755911442515,10.077200789416663,84.983787284,3621547.2074,205577.60549540492,107857.59387335362,10077.67133,11129.41685,199.96081841734437,10677.391083654175,3.928749761,2018-02-17
2017-12-30,12092.27,14398.19,488.4420103957756,13214.337340277802,12119.08,14463.28,489.2158251677754,13240.878048611126,12050.0,14387.0,489.5798025986358,13174.177055555536,12092.27,14390.79,488.3985145134328,13212.859868055571,0.06180252,258.00870581,21.66882034161183,15.10394058756251,800.74621153,3372269.8163,282538.9543757148,198601.0766137124,12076.225897,14404.386693,488.8294168682379,13207.977744208323,3.9287255942,2017-12-30
2018-01-06,16223.99,17234.98,220.10577280376182,16667.040590277764,16230.94,17234.99,219.9471396839431,16682.81786805553,16220.0,17214.96,219.0548148629944,16648.182527777823,16224.0,17234.98,220.37313940495756,16666.922951388857,0.01035485,204.1924174,10.512753742940138,6.597928302402785,171.5417093,3465507.01,176109.88317948702,109992.77396828376,16222.473136,17227.810502,220.23411082249996,16665.2688077382,3.9268567726,2018-01-06
2017-10-31,6076.02,6447.53,112.01795713938999,6240.031263888895,6080.0,6449.78,112.78173493961384,6242.905277777782,6072.81,6443.97,111.25926363773743,6236.270312499991,6079.99,6449.78,112.18809157215732,6240.408875000002,0.00197799,574.99362133,25.808409025252896,9.358223309013901,12.178227290999999,3624075.0062,162945.72360751661,58802.817524499675,6075.497972,6446.3125665,112.04919180465765,6239.752231080207,3.9244706615,2017-10-31
2018-05-07,9188.53,9629.99,65.55047196535355,9344.250319444478,9201.02,9634.5,64.8783836213246,9349.816659722275,9175.0,9626.75,65.93045525463438,9337.870916666676,9191.79,9634.5,65.40605626899774,9344.100527777799,0.00078578,385.0979344,20.56603191408999,9.455797634236118,7.356708094,3607798.8066,191867.73317552332,88201.83322769932,9185.143520799998,9632.348154899999,65.3974980284682,9343.777481907433,3.9241114133,2018-05-07
2017-12-18,17859.99,19215.86,228.19317045272825,18719.58088194442,17883.91,19220.0,221.7125503846219,18738.923881944407,17835.2,19200.0,233.33675640501156,18692.629819444457,17860.0,19215.86,228.65424841990537,18720.01349999997,0.022146400000000004,171.54114511,14.952394945928306,10.193709338868048,416.99456560000004,3207886.9327,277262.05273101304,189953.84680751714,17862.349471,19210.092835,229.0846261723752,18716.81145947776,3.9233225154,2017-12-18
2018-04-29,9180.0,9538.29,81.20980395464906,9356.025145833362,9184.67,9538.75,80.99658776603823,9361.574472222252,9180.0,9529.01,81.1812313309855,9349.821027777763,9180.0,9538.29,81.20865699783317,9356.157784722249,0.00514133,386.80269048,16.59975531666075,7.598909953569438,47.909946325,3577047.8488,154576.79020198583,71087.23885218595,9182.095126299999,9532.806171100001,81.20729447713653,9355.877194361172,3.921763464,2018-04-29
2017-12-15,16366.42,17934.0,327.5125828575552,17364.9623819444,16400.0,17934.0,325.1960508723883,17382.745374999973,16337.19,17905.88,328.6740397636918,17341.21509027777,16366.45,17934.0,326.77314342563034,17365.62792361109,0.02,180.69293357,15.304344555887353,13.196606395250011,353.8802,3193372.8133,264399.99453718046,228764.29383669022,16360.254513999998,17928.188177,326.6289102017255,17364.190430254846,3.9188689454,2017-12-15
2017-12-08,13500.0,16656.46,609.9001015723244,15433.768986111138,13750.0,16666.66,600.5098312075925,15467.60615972225,13482.42,16644.94,616.2084935714635,15393.027923611133,13500.0,16666.66,609.2477353294063,15432.868875000007,0.10071958,211.97996842,21.691919761036118,17.689857854618065,1654.7751622,3041012.9717,325129.32358354056,270393.0799257259,13571.430336000001,16653.662766,609.1260098563977,15429.647898831276,3.9167997293,2017-12-08
2018-02-20,11107.28,11779.96,132.12751381704308,11498.831569444448,11126.52,11780.0,129.94516863436195,11508.154611111135,11080.37,11766.91,133.62945758756564,11486.765604166672,11107.29,11779.99,131.92070998917333,11498.189631944457,0.00295977,297.84521289,21.54484532185178,11.03067757150695,33.654849388,3421623.276,246234.46525274342,126523.47523013281,11097.345787999999,11776.81214,132.3016046682524,11497.691055074316,3.9136114995,2018-02-20
2017-12-09,12796.01,15998.49,588.9726295971712,14808.787784722217,12824.99,15998.5,583.1309110239816,14834.436972222195,12701.05,15950.0,592.565562256116,14774.271124999996,12796.01,15998.49,587.0820726967803,14806.800236111114,0.03540831,252.25395902,18.75582568801601,11.519078421486112,547.62500334,3281548.8896,258802.41766217683,165909.07816910415,12782.952012,15994.726586,588.321407371215,14804.000106056277,3.9109609601,2017-12-09
2018-01-03,14549.0,15437.65,159.20171613471422,14962.191284722221,14594.58,15500.0,158.00801705980078,14984.432583333366,14546.28,15365.0,159.668299776027,14939.789937500003,14559.6,15437.65,158.51812291888584,14963.699340277786,0.01916676,226.19261595,13.534519165111668,8.524306386583332,283.28440016,3366311.9154,203330.86088971866,127527.3706508587,14571.23635,15461.751378,159.5878880979849,14962.379077539552,3.9107868862,2018-01-03
2018-03-26,7849.67,8490.88,202.4350157605105,8208.42575694449,7873.92,8500.0,201.264483859846,8214.4151041667,7831.15,8490.88,203.65131011873515,8202.520236111124,7849.82,8492.0,202.39434879038959,8208.19347916669,0.00102338,407.84132944,27.396884833829294,12.302478331930548,8.6406406362,3426797.9321,226617.15500821613,100995.2094952196,7845.161169600001,8493.1394616,202.4020435401058,8208.093622095412,3.9076179175,2018-03-26
2017-12-23,13569.68,15749.72,488.9178787028401,14768.289618055567,13600.0,15756.22,483.4331219705871,14798.320902777785,13496.48,15721.01,493.74826754067163,14727.42548611113,13569.68,15755.0,488.76929288031624,14768.55603472223,0.11375368,210.91835797,18.564837145844532,15.129450461250011,1709.0520577,3119987.4896,274598.464433577,223694.86080230054,13515.404737,15744.965461000002,489.6971298186296,14765.470556031954,3.9044254258,2017-12-23
2018-01-16,10172.02,13607.02,778.9525002979012,12166.041347222208,10188.0,13607.04,772.5767154178382,12195.939187500015,10162.0,13585.82,783.2994482525726,12132.456124999977,10172.02,13607.03,778.6427636735916,12164.619152777768,0.12995544,218.63128171,29.5115569989402,26.937418811034664,1700.7320139000003,2852674.8694,340844.6011603705,317865.11344878,10179.155254000001,13605.788606999999,777.8444515103898,12163.32296559722,3.9023079291,2018-01-16
2017-12-07,13109.0,16615.6,796.6528845594423,14776.237201388856,13200.0,16615.62,799.7449741847649,14799.55607638886,13085.9,16608.01,792.5095250724651,14747.118444444444,13120.45,16615.61,797.8637051629037,14778.207416666659,0.00549317,181.86360313,19.911804259572524,17.908108719763895,84.86879195,2985206.2885,296758.6226228686,265759.75286863104,13117.754103,16615.320942,796.8943677977626,14775.059048403487,3.8995810595,2017-12-07
2018-01-17,9222.0,11752.09,572.0240069248113,10681.389243055553,9280.33,11794.07,568.2720553526727,10711.763694444464,9222.0,11706.06,573.2291867495996,10649.469395833328,9222.0,11752.09,572.2923360001992,10680.231659722216,0.34012061,263.84414868,30.480760006782674,28.71957620687495,3817.8491873000003,2896583.5295,310611.42134214734,300811.19448053464,9237.802068,11754.97177,571.4429862239957,10679.943137175675,3.8903247826,2018-01-17
2018-04-25,8765.63,9751.19,254.6510259802055,9221.913020833334,8791.99,9755.53,254.22829076448946,9231.404486111118,8751.0,9738.26,255.12052723562957,9211.594381944435,8768.84,9751.18,254.729621916242,9221.040361111107,0.11670155,347.25172059,30.456012669471473,22.94160003112497,1101.891851,3056208.1953,276799.1389571591,210569.47121967826,8773.5198933,9747.0418662,254.88054236171652,9221.422056068632,3.8846334019,2018-04-25
2018-01-09,14149.47,15367.08,300.1062599741508,14868.893909722225,14190.99,15367.18,296.2676363294571,14890.456888888908,14123.97,15349.25,300.7416012738079,14843.305666666667,14149.47,15366.58,299.5257386595393,14868.201201388889,0.02195,214.85608736,14.497040842190765,9.662169926166682,328.4998807,3138207.4060000004,210859.64910767032,142068.83443358762,14140.416616999999,15358.901609,300.44711137246566,14867.467959925685,3.8840022316,2018-01-09
2017-10-13,5394.98,5846.43,92.0054205686702,5618.3437013888915,5400.0,5846.43,92.07911437734673,5623.82802777778,5380.0,5839.64,91.51970760574373,5611.50709722221,5394.98,5844.4,92.04349835158123,5618.339881944439,0.0114804,602.28260657,35.48828632921971,19.326874511548596,64.356022692,3252086.6617,195657.0899983144,108240.8320127921,5395.8857387,5845.752398899999,91.99816561194837,5617.728553879243,3.8833481238,2017-10-13
2018-03-11,8450.0,9755.0,391.91543266727473,9057.601409722225,8485.56,9768.37,393.6179677944099,9068.781826388888,8450.0,9716.64,390.3523845824426,9047.957312499997,8450.0,9755.0,391.9606251203038,9058.136361111123,0.0015,334.93342498,20.648955082808232,11.402357794381949,13.1844,3215363.4995,190752.29347319584,104070.87443955596,8462.4129271,9749.3504784,392.2086440560139,9058.456445911384,3.8795897369,2018-03-11
2018-05-11,8352.7,9012.08,179.73786522797764,8701.962194444463,8353.54,9018.38,179.38546544571378,8708.518965277823,8351.0,9007.19,180.27832586825917,8694.603590277768,8351.0,9012.08,179.80202677738515,8701.556430555573,0.015647,360.44085949,25.05022265595316,14.155504590222245,134.61770821,3178410.1076,218592.87297961244,123111.06109564971,8352.619768999999,9009.2973388,179.98978010120257,8701.13078361202,3.8748490451,2018-05-11
2018-01-08,13905.0,16293.99,493.6070377909538,15301.392791666647,13973.85,16300.0,488.7321232681237,15324.141208333343,13900.0,16280.0,498.2003215706921,15274.908583333316,13900.0,16294.0,493.1973407713874,15300.74915277776,0.0298493,189.70823681,14.445277323636734,11.580798571104173,468.06596273,2980282.245,214944.0838151868,174915.12787696958,13923.272339,16295.323569999999,493.4705562180861,15299.470658760409,3.8686307703,2018-01-08
2018-05-15,8425.01,8840.7,108.1299978498475,8642.30911805558,8439.05,8865.0,108.24646630752598,8649.222305555586,8400.0,8819.87,108.6975997076723,8634.604993055556,8400.0,8832.26,108.56412527887511,8642.09697222224,0.00228109,372.25629271,23.576698562979377,8.605438879798626,19.535817065,3157257.7155,203711.7341428652,74330.61420728808,8428.804534199999,8846.4251347,108.44548755741882,8641.886150401542,3.8665861651,2018-05-15
2018-02-24,9374.0,10528.44,330.8619793811636,9931.36361111116,9390.01,10540.63,330.23171202985304,9941.317263888932,9373.48,10527.99,331.6279663651341,9921.719131944476,9373.48,10528.44,331.1703296296694,9931.702569444478,0.00049,315.28643407,20.508430406040535,9.703753351895823,5.0488865,3127131.8756,202570.5455088664,95703.12697920403,9382.0749937,10532.001247,331.18089120465356,9930.984987700474,3.8658255061,2018-02-24
2018-04-13,7757.67,8220.0,130.35542026103016,7992.85265277777,7768.29,8239.33,130.9116985308969,8000.939312500012,7753.32,8215.11,130.39388662089263,7985.544993055538,7761.3,8220.0,130.35431321759503,7992.690451388897,0.00461469,389.98714382,24.55090526045342,13.61523802136807,37.5222924,3138985.1826,198097.8108668205,109348.2682752114,7758.1530485,8221.8271729,130.66008868645136,7993.173746452505,3.8649895711,2018-04-13
2018-01-07,15729.99,17142.43,305.89576740038217,16517.296923611146,15773.0,17149.97,303.611063895767,16533.214597222202,15707.16,17107.16,308.72637406961053,16500.387493055587,15717.27,17148.09,306.42151763622263,16517.014097222225,0.00780106,182.16703628,9.661741434859884,5.995009613451396,127.10936291,2945869.0763,156593.44320644275,98302.14872245505,15723.872341,17137.923856,306.43739259650124,16516.38596170831,3.8602774224,2018-01-07
2017-12-13,15497.7,17100.0,300.6252779838857,16541.197041666685,15500.93,17107.03,299.0263627941588,16560.56286805557,15497.69,17070.0,302.6485382781588,16513.865736111104,15497.69,17100.0,300.8965407888975,16540.327312500034,0.1730105,163.00937963,15.153450737325533,11.900490179305574,2886.0463839000004,2738548.4689,246860.95244767287,195583.67624264426,15498.320888,17095.594676,301.6337891463192,16539.760724362503,3.8556873418,2017-12-13
2018-03-03,11026.81,11500.0,96.45063386211078,11344.170277777805,11043.1,11503.24,95.14934674862276,11350.177548611127,11022.85,11495.86,97.10062748324606,11337.849805555566,11037.69,11500.0,95.99415649848396,11344.269083333334,0.0008269999999999999,264.61433249,12.409245863361136,5.416665575701399,9.47742827,3018884.9095,140706.20304304553,61386.89048660227,11028.303259,11502.104726000001,96.17356466447798,11343.893730526375,3.8524795586,2018-03-03
2017-11-06,6922.07,7421.35,126.74765700859,7228.736631944445,6935.9,7421.39,125.72658079325743,7234.555187500003,6922.07,7417.87,127.7767814558633,7220.779958333327,6922.07,7421.38,127.00477922117581,7228.157159722217,0.0015428,427.10063807,24.452839659523587,13.430477193270834,11.320480135999999,3006584.7889,173715.80018424915,96293.65434648214,6927.6879408,7419.3146701000005,126.8438247125136,7227.188319459735,3.8454273685,2017-11-06
2018-02-02,7640.0,9089.97,270.227798819979,8558.969041666676,7650.62,9096.79,268.68435456802064,8578.805881944443,7625.25,9081.16,269.5566261855321,8538.14696527775,7644.0,9090.0,270.15350069632706,8558.503076388899,0.12084055,312.33937425,40.065346283573746,30.837513770354114,1046.9510191,2535129.071,328760.23117228475,259322.08685783827,7638.965581,9093.058665999999,269.54410385218205,8557.56405370818,3.8437711427,2018-02-02
2018-04-24,8931.18,9731.19,125.63139600520353,9313.903493055577,8942.39,9737.16,126.05192102047742,9320.15173611116,8930.0,9719.61,125.25230166745992,9307.460562499997,8932.35,9725.99,125.6371111093706,9314.519125000023,0.061169299999999996,312.57247966,25.32523212167039,14.20868679377778,573.22231757,2934133.1116,235678.2451112136,132438.7510049313,8934.623225799998,9726.884571100001,125.63664030795785,9313.931172827306,3.8434133647,2018-04-24
2017-11-12,5561.16,6472.29,184.43056715335035,6115.004493055562,5572.0,6488.88,182.71129135854062,6126.318756944444,5555.55,6472.0,185.41219588259992,6102.630250000006,5561.16,6475.0,184.10900970319383,6114.231854166673,0.00320633,469.39641764,40.47372708650417,25.920618661451403,20.24156129,2908216.0808,243728.7086107739,156687.66736368756,5560.043626899999,6480.2324883,184.29767071688553,6113.801275504179,3.8431849329,2017-11-12
2017-11-08,7083.1,7888.0,125.78426393347331,7387.166375,7088.68,7888.0,125.5436002518388,7394.267062500008,7080.01,7872.8,124.85924986700698,7379.117187499992,7083.0,7888.0,125.64346248947405,7386.520145833342,0.000956,379.09950958,31.603948755474544,17.140082759638876,7.03547168,2937863.8762,237338.99677732168,127441.70616269944,7085.0356968,7878.507070300001,125.29518635838573,7386.435500996245,3.8403373981,2017-11-08
2017-11-29,9250.0,11390.0,439.03464392199083,10403.904458333349,9271.0,11395.0,439.27527177818047,10417.927916666682,9250.0,11382.58,438.3908024852346,10386.60967361109,9250.0,11390.0,438.7650247812581,10403.94379166668,0.000603,241.64977612,28.67710249325584,23.356301897986103,5.79109743,2529305.8274,293594.3023844435,242352.04294356614,9253.9827395,11392.213484,438.98734523446825,10402.343341507334,3.8330401935,2017-11-29
2018-04-27,8908.86,9378.84,97.22523509013624,9217.488263888916,8917.5,9387.82,96.67608571285949,9222.707097222255,8901.09,9373.21,98.0989091624457,9211.044888888873,8908.86,9381.99,97.37305150927251,9217.02084722222,0.01662637,318.00639185,16.049553877605803,7.899662760743062,153.75109524,2925725.5378,147394.3675741395,72669.96815097088,8907.621197600001,9380.4515587,97.42138687514229,9216.859624774994,3.8317854207,2018-04-27
2018-01-04,14192.37,15429.11,267.02546884919707,14816.667590277802,14234.44,15430.27,265.4177550938963,14839.287013888861,14192.37,15358.02,265.42075557992274,14793.34039583331,14192.37,15394.96,266.0181944618598,14818.780319444424,0.08873323,182.82546461,12.263121125590606,10.419457355944457,1317.0762734000002,2726120.2577,182057.1571997704,154277.94756317005,14214.64313,15387.413701,266.7122301460615,14816.62546783891,3.8315588283,2018-01-04
2018-04-01,6429.36,7041.75,146.92384751317692,6797.778263888889,6439.23,7045.71,145.9974585891055,6804.0463611111145,6427.16,7027.93,148.71560062975882,6790.558680555557,6429.36,7039.99,146.93126917100676,6797.412069444436,0.00142873,431.95013116,27.80810645301882,12.539538261555556,9.948104117,2936100.7594,186055.91886032387,84157.33922588109,6431.1570885,7037.1734122,147.6280126211807,6797.131433212504,3.8284199012,2018-04-01
2017-12-11,14690.99,17265.47,504.2774647673153,16201.119486111133,14741.44,17270.0,503.9935713619169,16221.261347222235,14677.19,17250.0,506.4432473310406,16176.80448611113,14703.57,17265.47,502.78857436030796,16202.50012500004,0.07880981,149.76372336,15.860608693901076,11.516474413458354,1172.7326168,2485972.0805,260172.61151979142,187641.55853113462,14707.667362999999,17262.408024,504.1756731359819,16200.092354788894,3.8280364925,2017-12-11
2017-12-04,10850.0,11613.07,134.2122236942601,11347.155583333346,10899.0,11613.07,132.06016188557655,11358.370131944466,10850.0,11597.49,136.7675532821203,11331.980277777773,10850.0,11613.07,134.36306845687486,11346.529326388907,0.00829834,248.47305759,16.395735289374716,9.460992436972226,93.845708385,2858219.2553,185532.39166356387,107048.2834500509,10863.205001,11612.446796,135.04332574133403,11345.144588615283,3.8275739728,2017-12-04
2018-03-30,6594.0,7272.17,150.21778057022416,6888.120013888895,6600.0,7302.35,149.48827023116533,6898.2117638888885,6550.0,7260.0,151.35939772458022,6877.613479166677,6594.24,7278.35,150.43689584996562,6888.176854166671,0.0064053,391.92314671,32.57975937473724,20.20933890768057,44.08447725,2857693.8662,222444.8200275874,138581.0976885703,6569.2358994999995,7291.464896100001,150.40822522452976,6887.522776039158,3.8270136918,2018-03-30
2018-03-29,6919.94,7961.16,226.84249454863777,7518.854034722234,6931.82,7968.0,224.5160855779834,7526.145361111123,6914.53,7958.21,229.2056972173641,7511.070006944433,6920.0,7961.24,227.07760649385781,7518.686965277791,0.003,382.35467288,29.226899992098346,15.374109490020812,23.66706,2867577.7143,216936.62906446354,113874.8801263032,6923.7054809,7964.8252087,227.13153581281736,7518.140235429161,3.8265962446,2018-03-29
2018-03-05,11400.0,11687.47,59.663908164228054,11520.976354166663,11400.0,11688.0,60.272372390032125,11526.461236111109,11383.66,11679.43,59.41308330388962,11515.41843750002,11388.95,11687.46,59.761036420655465,11520.930465277766,0.00100001,245.87580385,14.94839324232129,6.902100911527785,11.429994299,2849203.337,172969.38990366927,79652.5011423174,11399.669481,11686.585069,59.94807176284889,11520.950557533346,3.8208134599,2018-03-05
2018-01-20,11529.01,13032.84,416.79399623382506,12471.56915277778,11529.01,13052.12,416.3427968430088,12487.755236111132,11515.94,13000.43,416.24678732995835,12454.939840277784,11525.94,13032.83,416.3993950686237,12471.649145833333,0.00096793,223.01500751,13.454809383513414,7.175801994354165,12.52003904,2774364.4438,167301.44783794472,89598.96383452478,11527.993777,13037.595429,416.3946052773217,12471.568318352085,3.8162756219,2018-01-20
2017-12-16,17281.09,19377.0,635.4782086307517,18175.536319444458,17299.68,19377.0,637.0903782247029,18188.823402777776,17269.99,19298.01,630.8274463715152,18155.238312499994,17275.38,19377.0,636.3157466544609,18176.730138888863,0.00148615,133.39071598,9.39852441039844,6.780678459201392,25.962460901,2525803.1745,174885.2388744424,124970.56888257473,17272.570073,19338.405742,635.082523961796,18173.932753870842,3.8160522724,2017-12-16
2018-01-25,10892.07,11730.0,174.97156064451,11301.853673611136,10926.99,11741.82,175.10969155106156,11314.099291666684,10868.57,11701.31,174.91425437707122,11287.380465277782,10893.0,11736.4,175.25981412112606,11300.592097222247,0.00407975,236.03683876,13.819129411151009,7.106127387993054,46.015296263,2761997.8903,157302.55067347604,80309.53023453729,10880.702998,11728.588537,175.2519148915083,11300.306356141671,3.8128318191,2018-01-25
2018-04-12,6773.14,8060.0,412.0592244723992,7335.875673611119,6780.98,8069.34,414.46164303740886,7342.933173611123,6758.45,8000.1,410.0365370630117,7329.209312499995,6770.95,8060.0,412.2400556235854,7336.708215277788,0.03874144,350.48840313,25.92558601989346,13.217625232222225,297.96235211,2804054.9817,198607.7672668115,99766.83548727226,6772.5218564,8035.8092038,412.18994710204066,7336.352833091173,3.8121865229,2018-04-12
2018-01-23,9952.39,11370.0,330.65545738234516,10725.263819444457,9990.0,11409.87,326.9756911817665,10745.001006944472,9927.54,11352.46,333.1147937845268,10704.481819444463,9955.1,11371.29,330.8766273914224,10724.710277777793,0.00241188,269.64277634,18.554693708367868,11.979392332243057,26.789812386999998,2708172.9602,196703.68325272863,128035.341415872,9967.3469662,11390.700245999999,330.12901336020406,10724.395271756455,3.8082721322,2018-01-23
2018-05-16,8110.05,8501.69,79.24474795452886,8282.731770833361,8127.62,8505.33,79.1119271392251,8289.183548611154,8100.01,8490.77,79.02088687090821,8275.00315972223,8117.32,8505.33,79.22215809640868,8282.705625000013,0.00249414,335.50936029,22.299218325520275,8.82305533602778,20.713405396,2758252.225,184761.29721396978,72957.50385180418,8115.3793801,8496.614545,79.21668634219897,8282.232838601722,3.8057250139,2018-05-16
2018-05-18,7930.07,8275.1,83.11321011116027,8106.641027777814,7942.6,8275.1,82.65889185629568,8112.298909722258,7929.53,8268.29,83.22419624199736,8099.814798611105,7930.03,8275.0,82.92287998316108,8106.672548611127,0.00085,344.10948392,13.941138946507863,5.002297095243059,6.911341499999999,2779659.2771,112699.73436839276,40467.12701330054,7931.1961693,8274.7751146,82.97883214586633,8106.201131904096,3.8049925056,2018-05-18
2018-01-10,13413.98,14890.0,279.8480690942606,14193.24786805554,13448.98,14900.0,274.9982221284777,14217.571874999985,13412.0,14889.77,281.81661833901563,14169.093284722214,13412.0,14890.02,280.15512851401627,14194.688409722214,0.1762716,173.22618742,15.432825937855378,12.832647590597208,2568.9502288000003,2457063.1995,217421.6617039024,181396.31043698592,13425.156444,14896.979853,279.89534494520865,14192.252139563872,3.8047746793,2018-01-10
2018-02-15,9354.28,10230.97,208.4355854447836,9803.288486111105,9383.15,10234.0,208.31726460120984,9814.368631944439,9350.0,10220.0,207.36623445495067,9791.126506944416,9369.47,10230.98,208.07996250231824,9803.039104166684,0.021779,262.01523438,20.98322102266048,14.608567581597216,211.97725699999998,2591206.1246,206279.9736725886,143621.3505889083,9359.002194,10229.317889,207.99088497180324,9802.718758693474,3.7995300598,2018-02-15
2018-03-24,8520.91,9006.07,89.90908364850361,8858.29920833335,8527.61,9020.0,89.4740049815119,8863.68965972225,8505.0,8990.0,91.69761693540856,8852.734972222232,8521.01,9006.07,90.49030521064677,8857.918083333345,0.00073051,315.21605892,16.03476943982313,6.786306231673612,6.4986096549,2713824.2319,140336.83102138495,59839.87192532945,8516.7272743,9005.2981872,90.67591522974398,8858.009006839513,3.795331763,2018-03-24
2018-01-24,10500.69,11500.0,223.03176038430217,11007.871819444468,10501.01,11500.0,224.1131423998442,11022.048256944456,10488.13,11474.55,222.48972462065677,10992.879298611113,10488.13,11499.99,223.2353702122196,11007.914437500012,0.00072822,227.54524151,14.405787195578323,8.099840273861112,8.1473180778,2594006.4069999997,160968.95187619916,89588.50305784939,10495.603329000001,11497.027673999999,223.25319967320968,11007.572668468052,3.7902593448,2018-01-24
2018-02-01,8455.0,10174.99,487.4994188790082,9498.769263888917,8470.0,10187.56,482.45549860560584,9513.210152777805,8455.0,10173.29,492.11300885516715,9482.281770833326,8455.0,10175.0,487.94662394231693,9497.750625000028,0.00508883,257.96796739,26.833729185548588,18.30515667315972,50.681693501999995,2463258.1631,243690.15814112412,168817.08132849936,8463.451788,10176.72273,487.93403533899146,9496.944993223951,3.7900267696,2018-02-01
2017-11-26,8540.0,9360.2,176.98042913576674,8972.480645833333,8580.01,9366.6,178.5139744697052,8979.365944444444,8538.2,9349.99,175.32568110283276,8963.24903472221,8540.0,9360.01,176.94967889246888,8972.45295138889,0.0013,302.39794184,15.794007288879556,8.348734200361113,11.60835,2634548.6108,141224.55450005687,75371.05214554821,8558.6620085,9357.781053499999,176.94079605777316,8971.594993670546,3.7888301238,2017-11-26
2018-04-05,6579.34,6918.4,69.2965840011677,6758.663590277774,6587.65,6928.7,69.31041702940965,6763.542493055554,6578.95,6905.5,69.2374552125385,6752.348979166674,6579.99,6919.07,69.51369443271084,6758.105076388888,0.00579895,403.06905898,17.3655927361774,8.297507149715267,39.011294159,2657759.8453,116302.59875208508,55990.11857298506,6582.350583300001,6910.569052500001,69.21467075524409,6757.938366348479,3.7846896081,2018-04-05
2017-12-21,15010.0,17281.17,625.5149258744617,16221.084868055523,15026.19,17281.17,621.8746732797773,16249.790298611084,15005.0,17250.0,627.1087711904056,16188.966500000017,15010.0,17281.17,626.4977265847424,16221.424986111117,0.09353439,129.14183507,15.972605912971098,14.151291971243058,1574.9101921,2051161.0944,251637.74411504672,226896.31225359478,15006.646221,17272.451663,625.1368955504001,16219.341431540313,3.7807705048,2017-12-21
2018-03-23,8294.15,8910.0,114.70526003276181,8529.737305555585,8304.2,8920.79,115.09901834250209,8535.927284722235,8265.0,8905.14,115.0658014645458,8524.185416666682,8294.16,8920.79,115.2544000566584,8529.94406944445,0.0006,305.00772378,20.743491975539502,9.555170492243064,5.079594,2579287.0149,176216.4691714858,81399.78419631309,8274.3993885,8913.692950700002,115.1291699300365,8530.08457998917,3.779231049,2018-03-23
2018-03-06,10570.01,11417.39,238.41809165351697,11022.278347222247,10599.42,11420.01,237.14384472678165,11029.859354166674,10560.19,11388.97,239.93657586293523,11014.195027777776,10571.0,11394.84,239.0655964263165,11021.738861111102,0.00157075,217.97396769,19.639064826392776,10.235420296902783,17.76241798,2424540.4991,216046.93729612028,112194.18088051528,10576.984473999999,11394.592974,238.99697277806357,11021.903993676382,3.7748864716,2018-03-06
2017-11-30,9005.0,10618.29,391.25697626386267,9889.501763888906,9041.0,10618.29,386.2212815836587,9906.492916666703,9000.0,10618.28,396.186670052348,9868.535027777774,9003.0,10618.29,391.2798335230192,9888.908548611136,0.07082324,245.10624142,25.172843546195313,17.662123863659716,734.85223694,2312574.9993,240327.61376047283,171592.9519188097,9011.1974457,10618.289965,391.31429791332204,9887.543386804504,3.7698390107,2017-11-30
2018-05-03,9165.2,9789.99,193.9521921436226,9379.305875,9172.27,9799.99,194.999125183302,9385.463256944455,9165.19,9775.4,193.07943569655222,9373.155437499987,9165.19,9789.99,194.22912178222074,9379.656666666657,0.02715666,275.70541791,15.128248791195226,8.10472192960418,256.50027672,2535738.4315,142412.33385951092,76349.8065628672,9168.4651577,9788.6644296,193.9694070395382,9379.426677940148,3.7697970749,2018-05-03
2018-01-21,11120.53,12787.28,439.60075011093966,11896.403131944471,11151.56,12791.88,437.7261914079142,11914.098291666662,11100.0,12766.19,440.3856585434637,11877.400319444438,11120.53,12766.19,439.4350218286677,11895.589819444449,0.00148283,202.82571761,12.347862272531875,8.053113759666665,18.499772252,2464323.1177,147590.9159950517,95243.84458923123,11114.800924,12789.376739,439.5588649912882,11894.458833049981,3.7689862387,2018-01-21
2018-05-29,7048.37,7528.7,164.88468229380587,7293.563638888884,7067.24,7537.0,164.9326900695944,7298.356312499994,7026.9,7513.54,164.49795017846873,7287.534618055552,7048.37,7524.18,164.72388015888188,7293.893402777787,0.00153887,364.37594195,18.525873404456316,7.67355624504862,11.433342439,2565490.9619,134571.4340243337,56121.028089270825,7040.780322,7520.535033600001,164.60096663500627,7292.843306593192,3.7677862932,2018-05-29
2018-02-19,10336.0,11250.04,247.86328355739866,10867.00995138889,10346.28,11262.48,247.61952696575722,10878.049736111132,10307.51,11238.18,247.068546056235,10855.026777777779,10336.54,11258.0,247.5258045269931,10867.436395833349,0.00315503,222.85996203,15.99831384270542,8.128809385243049,33.336867288,2466662.0562,175705.83618787577,88805.01291464784,10327.233332,11252.193369,247.32596688097382,10866.69084679026,3.7669584329,2018-02-19
2018-01-26,10316.06,11634.81,334.9493752271634,11011.981722222234,10324.89,11635.0,332.2130273216156,11025.39906250001,10263.32,11603.05,337.37159874485053,10997.901715277785,10316.12,11627.27,335.63439504054537,11011.94201388889,0.00068956,215.00003541,19.21183401059658,10.478712533076408,7.8802158284,2350852.7947,207591.0987562308,114017.65277996546,10296.285313,11627.79738,335.3508776418595,11011.441240963906,3.7612146571,2018-01-26
2017-12-17,18492.0,19665.76,226.21436686354386,19189.771083333322,18621.81,19666.0,220.42084745313227,19204.559312499943,18465.0,19649.96,230.13252685428992,19167.36264583333,18493.0,19665.75,226.14746007955785,19190.340631944408,0.0062978,113.38393261,10.003597528436826,6.770311912930552,119.84134002,2127824.0991,189580.49770710192,129382.31303086362,18495.292527,19663.298888,226.17936427180788,19186.169610256275,3.7606055305,2017-12-17
2018-01-12,12824.93,14119.99,243.45679325808152,13661.74118750002,12900.0,14152.19,242.39839963394226,13682.75492361112,12807.27,14100.0,245.99743378484513,13639.57422916666,12824.93,14133.89,243.36058558459027,13661.494569444449,0.01055845,169.44418249999998,13.986119615614454,9.357612717465264,147.29998569,2282629.5952,191264.7863968078,127767.35854451917,12840.998473,14132.736383000001,244.88370945479784,13660.825649086086,3.7597836193,2018-01-12
2018-03-10,8700.0,9502.33,199.6647968348071,9237.42956249999,8700.0,9514.96,199.25539725195605,9246.265958333326,8697.0,9491.24,200.24301809565708,9227.645631944428,8700.0,9499.79,200.0383449448664,9236.650131944436,0.0031969999999999998,280.68446327,18.409320803885144,8.96615260356249,30.15221777,2441949.9223,165469.21310032016,82204.86396089513,8699.9825136,9500.9288994,199.85699743172756,9236.925135569983,3.7556751509,2018-03-10
2018-03-25,8379.62,8675.3,55.91413919907172,8535.67775694446,8399.49,8680.0,55.291181476969165,8541.525388888895,8368.63,8652.8,56.7310546484794,8530.133833333333,8382.99,8675.31,55.92643924144009,8535.650166666666,3.893e-05,289.36279389,16.253300328967452,6.410414183270833,0.3333435752,2465788.2879,138210.53628711213,54622.760653017554,8384.955615500001,8676.325282799999,56.21458866687555,8535.608883726936,3.7521471825,2018-03-25
2017-11-15,6609.0,7350.0,179.87352002830045,7046.399548611111,6615.0,7350.0,180.1983749520547,7052.299715277781,6609.0,7335.01,178.9414971012867,7039.819999999991,6612.7,7346.38,179.12543848019945,7046.016361111107,0.004137,353.79751464,22.22116895046182,11.724788992000013,28.466696999999996,2417794.8419999997,156391.98396218117,82823.72207772106,6609.1111083000005,7346.1311667,179.26745981078912,7045.891271163464,3.7502221575,2017-11-15
2018-02-21,10257.9,11275.74,283.6823877708305,10792.75681944445,10279.4,11275.74,283.6819054056699,10805.757013888904,10256.0,11262.92,283.48002055931835,10778.214493055539,10257.9,11273.89,283.7453787223383,10791.702006944444,0.01848456,218.10974849,16.80966162091157,13.860886914249987,203.72842843,2291023.2183,180860.05416393984,149551.174955091,10266.423370999999,11273.20629,284.16356737431056,10791.642741853477,3.7497872952,2018-02-21
2018-05-17,8006.9,8447.35,87.81789593702224,8278.336944444482,8018.88,8500.0,87.1839762614767,8284.143423611156,7980.0,8435.12,88.17007432705148,8271.23604166667,8000.99,8448.03,88.11657285398286,8277.959930555586,0.0016736000000000001,292.65637397,16.478062089286926,5.735574289263889,13.911900415999998,2417216.7897,136144.10544895226,47369.26268956951,8002.2416744,8478.8073243,87.94561907148847,8277.582301627437,3.7466857225,2018-05-17
2017-12-03,10550.0,11800.0,316.557263902738,11291.528937500021,10604.08,11800.01,315.8285810746037,11301.72704861112,10513.16,11799.9,317.15965525927544,11278.31668749997,10550.0,11800.0,316.1145405312291,11291.630187499997,0.00181216,212.16678145,20.007064423150528,9.897623535652784,20.042290262,2244098.2415,222125.29456388464,111340.1041447091,10547.083542,11799.984451,315.9137275889415,11290.71944172015,3.7411786977,2017-12-03
2018-04-17,7831.15,8155.0,84.86584758820919,8036.607527777788,7846.7,8160.85,84.19478829810734,8041.759243055552,7806.81,8144.63,85.52512651597142,8030.846499999986,7831.15,8154.99,84.67807078840255,8036.633618055566,0.00199249,294.37253300000003,15.107809710937618,6.442466121791659,16.120798242,2386250.6495,121354.495328259,51709.73213454283,7816.6291904,8154.952562,84.91145958035868,8036.063162183466,3.7393127907,2018-04-17
2017-11-16,7124.72,7975.99,218.99349686124035,7459.5230555555645,7131.61,7976.79,220.33690569035306,7465.85966666668,7120.85,7959.0,217.29049650623077,7451.975951388889,7124.62,7975.99,219.36506292633504,7459.5306875,0.001,291.75725895,26.09447853683855,13.41797101475,7.13161,2262667.8118,199056.4737698859,101455.32513514486,7126.972293000001,7969.9844771,218.9243792994924,7459.011402410899,3.7298876018,2017-11-16
2018-02-16,9711.0,10297.99,131.70430968036032,10026.06300694447,9736.43,10300.0,131.74931398479094,10035.255861111127,9707.51,10288.78,130.7044145572229,10015.684381944431,9711.0,10298.0,131.7769271090781,10025.99250694445,0.01057053,227.87079647,13.860513010457456,8.236880523104169,106.751003,2290966.1655,139137.8976425969,82566.1752476278,9718.2930403,10293.491392,131.71649653699853,10025.736248398109,3.7292467361,2018-02-16
2017-11-02,6700.0,7352.0,111.76644483662282,6952.372479166669,6741.0,7354.1,112.62397638829896,6958.993166666668,6700.0,7345.01,110.8887594437777,6944.195499999993,6700.0,7351.99,111.67287165541639,6952.339833333342,0.00151641,323.17013154,29.591149590586788,18.444326125222272,10.349953173,2244630.7303,207000.050481498,128671.33863826474,6707.6464562,7351.162400499999,111.84956296046792,6951.550110335202,3.7292411816,2017-11-02
2018-04-26,8656.96,9304.4,133.88786873159668,8882.893298611138,8667.0,9326.79,133.6993403955914,8890.321402777801,8647.29,9298.15,133.94763145095447,8875.3966388889,8655.95,9304.49,134.2149044405587,8883.210298611131,0.00659472,245.36460044,21.287987771697377,13.918728959798612,58.063001258,2239473.495,189109.38662486206,123617.43365878932,8652.4500188,9305.8153161,134.13449445328604,8882.861283232156,3.727888856,2018-04-26
2018-01-22,10055.58,11900.0,524.3538494759226,11132.997465277793,10088.98,11910.78,520.1590302606753,11152.628951388915,10028.41,11874.65,526.959149156468,11112.244743055546,10055.58,11900.0,523.2589087372721,11131.135819444438,0.029419999999999998,181.88452809,17.98530052307335,11.85609050661806,346.97947,2162141.472,194858.9718769171,129227.12263101789,10048.052178,11899.672081,523.9627586958017,11131.895910386102,3.724317055,2018-01-22
2018-04-28,8873.8,9432.99,125.25697702359926,9240.260763888908,8880.0,9442.34,125.29849967974184,9246.310854166695,8854.47,9429.44,124.81799712995148,9233.596965277784,8871.86,9434.25,124.86053886694165,9240.572972222244,0.01388288,242.03844014,20.663295309371495,10.804446043006928,129.48860535,2224300.035,190996.26856714545,99811.49926990186,8872.1310997,9438.414991,125.1114898144598,9239.921222156729,3.723421066,2018-04-28
2017-11-21,7775.0,8351.0,117.65388883759131,8158.232708333352,7790.0,8354.46,115.29512495442273,8163.577493055568,7770.0,8350.0,119.86306294394564,8151.167513888884,7775.0,8354.0,117.69158039348903,8157.685722222237,0.00139851,285.55586533,18.262995137373935,9.504521693541673,11.435602285,2294077.8948,146779.219873805,76952.2663134874,7778.959831899999,8353.2835741,117.73081871419791,8157.12061592917,3.7233507197,2017-11-21
2018-05-14,8298.07,8879.29,171.168372968967,8581.489340277798,8307.0,8900.9,171.25780974675715,8588.441722222244,8286.57,8872.47,170.9037587840965,8574.23242361111,8297.32,8879.29,171.17023752537006,8581.468430555582,0.00679161,252.23502403,23.527690562233033,13.192954647555569,59.066865625,2219735.975,203644.70163966186,113419.20351680991,8295.1371864,8879.869515100001,171.06490606816388,8581.102478184646,3.7231889365,2018-05-14
2017-12-05,11400.0,11850.0,97.29850012300577,11656.442159722239,11414.26,11850.0,95.39521742926658,11664.891944444458,11384.25,11839.99,98.5712350305513,11643.632145833331,11394.0,11850.0,96.68144070675054,11656.498604166689,0.00819116,187.2490993,16.699619382366706,8.258825476180563,94.754086231,2154313.4225,193832.7636594614,96234.63989244039,11397.094881,11847.628851000001,97.14729741628139,11655.135429268752,3.7167103027,2017-12-05
2017-12-06,11674.74,13699.98,434.04228587170667,12579.403979166691,11690.0,13700.0,437.38032870876197,12589.972902777796,11659.8,13685.71,431.4873430174026,12563.244715277771,11659.81,13695.71,434.73291555953205,12580.533465277795,0.0055,159.84147915,17.251636365267313,13.739495477173616,64.43129,1961485.9730000002,219553.91794784003,174000.5488211876,11671.399511,13697.882969,434.4626034186619,12577.93035189583,3.7156469593,2017-12-06
2018-03-19,8135.13,8711.0,126.43727392295393,8354.957423611111,8150.23,8718.74,126.8895387789258,8364.640493055547,8114.17,8678.97,126.16745562043225,8345.70695833332,8135.13,8711.0,126.5220237138809,8355.255979166664,0.00547284,260.51000703,19.991139724864027,13.47274791267361,46.05406511899999,2215542.6779,168332.2782073684,112838.22116603969,8127.445987,8694.7974697,126.22578106765425,8355.369357334255,3.714641226,2018-03-19
2018-03-13,8864.1,9478.99,111.95500268887625,9155.983090277814,8893.04,9482.79,111.06669659421266,9167.292430555568,8830.0,9459.09,112.83967084421435,9144.792048611136,8864.1,9479.99,112.28411915264867,9155.890388888914,0.00074,246.21982302,19.80774695818528,11.118571891854167,6.7403492,2189095.4464,181063.97926873167,101768.41846010958,8869.1792361,9475.8090181,112.20684986811558,9156.033251399782,3.7137765372,2018-03-13
2018-05-05,9674.01,9948.97,59.66329824075386,9829.105298611144,9674.44,9948.98,59.14103592376958,9834.038326388922,9670.68,9941.75,59.96221680641801,9823.489743055543,9674.01,9948.97,59.61838513958095,9829.181138888915,0.00375,228.58792212,11.955350213503678,5.141496053194441,37.124925,2240489.3255,117215.62178491501,50528.19702923705,9674.0446235,9946.6020381,59.356288932902984,9828.79014244659,3.7122477702,2018-05-05
2017-12-31,12500.0,14243.47,470.59223703731334,13338.160430555568,12524.83,14296.06,470.90199445405153,13362.244347222242,12491.21,14186.04,470.5178009368695,13313.406236111101,12500.0,14230.54,469.54441839522,13339.22119444444,0.00086921,157.47788017,12.718415560989529,8.044040727069463,12.118186827999999,2062959.8421,170343.21254787932,107328.22532743563,12502.532919,14240.62138,471.22384443298176,13337.513232213194,3.705365647,2017-12-31
2017-09-15,2979.99,3817.99,239.48582226612436,3409.0766527777746,2982.51,3820.0,239.76394899870365,3417.379861111114,2972.01,3809.97,238.96200528315674,3400.674131944438,2978.0,3820.0,239.46745079149943,3409.156631944439,0.01354173,711.16197734,47.881474517649515,41.87079123533333,45.630784774,2156719.5311,157465.71213164792,141124.03634266634,2979.9724453000003,3815.6310563,239.3194867606209,3408.937123179721,3.7046093313,2017-09-15
2017-12-01,9373.0,10940.04,441.1745961906801,10195.177465277786,9398.0,10949.89,440.25523597312815,10208.906312500012,9370.11,10924.05,442.2618818530987,10179.359958333325,9374.0,10948.66,441.68268143221536,10194.8572638889,0.00611874,197.04224845,16.193332816327523,11.602839867659723,60.613203337,2127756.3724,168178.99433039216,119362.72063095869,9380.2657861,10941.73251,441.9569819865413,10193.947210082068,3.7024345744,2017-12-01
2017-11-10,6430.01,7342.0,270.7751222275555,6962.223597222238,6436.7,7343.18,269.2396227429398,6969.200027777788,6429.44,7332.01,272.7010420152596,6954.06436805555,6435.99,7342.8,270.8602877528975,6961.358118055562,0.00799935,297.89827008,30.35916543244841,18.56094455054166,57.995267228,2099018.1927,205343.15380228247,126455.70528916799,6435.0515772,7338.313247399999,271.2211383249277,6961.080646074734,3.6980723784,2017-11-10
2018-04-21,8610.2,9016.74,60.94122117788724,8800.339312500004,8627.84,9023.4,60.44436755859594,8806.30839583333,8608.0,8979.99,60.94127188389957,8793.697569444426,8608.0,9014.96,61.239440146560725,8800.278312499991,0.006852600000000001,241.32038616,22.395332175312742,10.650213838493062,59.786394498,2111686.5326,197052.4567583996,93715.40767634283,8611.2432888,8994.3705206,60.935413492719825,8800.071486919654,3.6971474524,2018-04-21
2018-02-14,8504.57,9512.98,274.6431478621394,9025.07281250004,8525.99,9515.0,275.6022626391931,9033.646423611151,8504.57,9504.0,273.1509785987455,9016.580034722208,8525.99,9514.96,274.40183919458696,9025.642687500025,0.013636500000000001,240.71463558,20.58591428838867,12.131159968388893,120.51636803,2100530.9326,187525.01087734423,110305.9145460245,8518.9433651,9513.958814799998,274.58224136232377,9025.42391296152,3.6940450844,2018-02-14
2018-02-10,8179.38,9084.02,229.68990335562935,8657.185159722205,8188.1,9090.8,228.57410688990848,8668.524090277768,8170.86,9073.56,230.10872559573417,8644.464652777762,8185.21,9084.0,229.79426317697252,8656.487229166652,0.0033993,255.56749066,17.81947302321117,10.190435750180566,30.152232909000002,2128849.0348,155245.46206901153,88273.11888464261,8176.1946348,9088.544458700002,230.1461807615513,8656.299846351041,3.6905877868,2018-02-10
2018-02-07,7229.99,8630.0,353.6806090790806,7915.322937500017,7248.8,8649.0,354.1684918087729,7931.901944444453,7213.8,8620.0,353.3668525692573,7896.647624999986,7227.91,8620.0,353.70044893842544,7914.380222222217,0.04996655,228.17896605,27.595319740861278,22.676243138152774,361.43301459,1912235.0162,221672.93391823865,181096.9856030828,7221.3497425,8634.368094399999,353.846456480776,7913.274260858607,3.6880547171,2018-02-07
2018-04-14,7835.0,8201.99,59.32615015086782,8010.7149166666595,7854.7,8232.14,59.46715500382545,8017.425062500018,7835.0,8200.0,59.170633299224725,8004.791666666681,7835.01,8201.99,59.454769614455714,8010.872291666685,0.00130233,263.95061751,15.933696311800537,6.205922223437501,10.430690559,2162673.9575,128445.02162317449,49784.096903039266,7841.3217228,8211.6714472,59.35187059736305,8011.188429558194,3.6877526055,2018-04-14
2017-10-22,5703.97,6071.05,69.90750969457669,5910.171138888899,5732.26,6071.07,69.03352879188135,5914.412562500008,5700.0,6057.3,71.08133930740573,5905.05288194445,5704.22,6067.41,70.1446425639196,5910.377895833341,0.00168966,380.81173907,22.0047872829174,8.508643170277766,10.199911122,2182694.2446,128685.1042740975,50011.789342382704,5703.477406100001,6059.9487346999995,70.12755687959567,5909.354665047995,3.6875292944,2017-10-22
2017-12-25,13220.0,14600.0,225.19204925987302,13966.681249999961,13254.74,14650.0,222.71914700778143,13990.430340277771,13210.0,14550.01,225.09764830283228,13938.09199999999,13220.0,14600.0,225.19509211097832,13966.06769444444,0.002,132.01109997,13.558303772117691,8.033164844326388,26.714859999999998,1923699.4942,188635.0726634387,112078.10739263882,13229.49836,14610.303447,225.01195673331176,13964.735954143733,3.687210571,2017-12-25
2018-02-09,7755.0,8760.0,273.2559822902808,8261.742965277788,7770.37,8779.62,272.22172002824846,8272.260194444472,7753.32,8719.61,274.9756834676366,8249.346409722215,7768.62,8760.0,273.25477067214473,8261.487381944451,0.005406,240.09778687,22.38987665446104,12.791794577326382,44.577535866999995,2083690.2667,186636.92640479814,105595.22255453364,7757.1109283999995,8761.1818537,273.8535524104294,8260.500076997581,3.6860561519,2018-02-09
2017-08-22,3601.0,4137.9,114.17281877469459,3922.2122708333422,3609.92,4139.31,113.96554000073388,3927.0415763888986,3600.0,4130.03,114.33639750916107,3916.6945763888816,3601.0,4137.93,113.97017863648712,3922.028104166666,0.004052,533.10078293,28.44152798605634,16.358868987409735,16.50963088,2182493.2717,111018.0347313201,63703.12611449228,3601.7905218,4134.2254408,114.13270314307016,3921.8123034104788,3.6852937655,2017-08-22
2017-12-12,15968.05,17410.98,369.89536080541984,16730.618312500003,15999.0,17428.42,369.9938749923959,16752.904006944427,15967.29,17409.95,370.46343520653147,16704.35267361114,15967.3,17410.99,370.47973420412916,16730.929659722206,0.11124448,102.36724308,10.461946813600985,9.390990648145838,1834.4180254,1757308.8864,177639.38745841183,158282.3754963525,15974.788403999999,17414.351402,371.22042023524136,16729.8482817743,3.6850966298,2017-12-12
2018-01-19,11030.0,12050.0,226.59510073165345,11514.256298611108,11104.59,12050.39,224.7976686871321,11534.513972222221,11025.18,12000.0,226.99330698632784,11492.970923611094,11025.2,12050.0,225.72971031872825,11513.536416666664,0.0088523,178.28003746,12.461982560133272,9.168927552173598,101.27836759,2025365.0126,142851.49659277455,105440.56001469173,11042.917856999999,12032.684194,226.61699172756082,11513.812274693057,3.677596526,2018-01-19
2018-02-08,7579.95,8625.0,212.2868413545196,8215.886812499992,7600.0,8644.36,212.31626473551887,8228.886986111103,7565.5,8615.37,212.03738074635095,8203.468291666648,7580.0,8640.22,211.76795487535512,8216.322486111098,0.00074612,240.87592675,25.111530651068737,15.807220991881907,6.0353721412,1970672.7614,206541.51996293812,130060.65688578058,7579.6128822,8632.5759206,212.18656196781797,8215.924756466526,3.6750016585,2018-02-08
2018-04-07,6609.17,7050.77,88.87051088077624,6891.860965277797,6610.83,7069.13,88.80064047387545,6895.323819444472,6600.99,7048.6,88.5894760261069,6887.986569444456,6604.24,7053.4,88.72080603885142,6891.6737638889,0.00130758,304.43031936,15.17392196613867,5.365860916500004,8.657814075,2135510.1424,105063.83929445915,37003.089707802385,6606.6984731,7049.071819399999,88.66363237768417,6891.617379255225,3.672641576,2018-04-07
2018-02-23,9600.0,10401.39,195.9443000775907,10013.031333333336,9605.22,10405.3,195.45215709307067,10023.156479166666,9600.0,10400.0,195.67755151922466,10001.95893055557,9602.4,10401.31,195.907624744564,10013.161215277789,0.01292293,206.99102197,15.89984627124314,11.143351599534721,125.64564983,2006504.6224,158476.33922063254,111671.4043424125,9600.7687396,10400.295435,195.5182536537223,10012.328287222981,3.6705409996,2018-02-23
2018-03-21,8755.04,9180.0,84.70247884992688,8982.961979166666,8790.2,9188.1,83.6745078565915,8989.331625000004,8754.83,9149.99,85.44064812273999,8976.9000138889,8755.65,9179.0,84.68223064891384,8983.081652777786,0.00064209,225.94292420000002,17.257256702607584,8.403990055159717,5.7264604023,2039880.2912,154972.74432957504,75417.69473320927,8773.9564967,9172.2273414,84.56174368314998,8983.204129530826,3.6654467013,2018-03-21
2018-02-11,7820.04,8560.0,156.8979430050696,8189.220666666655,7826.77,8560.0,156.7712696580574,8199.77595138889,7820.0,8547.58,156.3013986275976,8177.291256944432,7820.36,8557.66,156.239539894356,8188.491090277783,0.00118488,255.18491439,18.117600522877986,8.83336662725694,9.9494492088,2044142.4621,146814.99822732498,71951.46758345525,7820.9169796999995,8548.1109403,156.62933295715123,8187.918619344629,3.6613183547,2018-02-11
2017-10-17,5514.85,5769.99,50.18291670675765,5625.865868055552,5519.77,5776.31,49.68321745133705,5628.56700694445,5506.78,5768.93,50.7474798649146,5622.224722222208,5514.99,5776.31,50.29232207939263,5625.583124999998,0.00099187,374.27575986,16.022622411478288,6.373723568152788,5.589980946,2092649.3971,89689.3692571527,35728.765723333076,5512.4833316,5770.5986218,50.08454587337455,5625.281401986532,3.6602371644,2017-10-17
2018-01-27,10836.75,11625.0,195.90946823130793,11238.727750000016,10870.0,11630.47,195.94731702715856,11251.163930555584,10815.84,11620.0,195.29596981021106,11225.487569444444,10834.72,11630.0,194.96227637090325,11238.782944444469,0.00070508,170.48005024,14.028064944844195,7.169864568256955,7.8799599784000005,1947963.3761,159263.9730164286,80932.9607822014,10838.155742,11620.822316,196.02494631457554,11238.510318001372,3.6591579656,2018-01-27
2018-03-18,7332.01,8312.58,204.4739603753005,7679.689395833345,7366.51,8324.92,205.59465901646024,7689.212666666672,7325.37,8295.44,203.8756776781986,7669.642770833327,7335.0,8314.76,205.03311456571353,7679.651055555559,0.00075,268.28302296,21.686606741390264,13.585634025638882,5.76936,1994638.1931,167634.22268966286,104472.72789699145,7335.068411599999,8301.9188708,204.78725403509915,7679.330872085344,3.6581694544,2018-03-18
2017-11-09,7062.09,7476.81,106.01001244080405,7245.208520833333,7068.7,7490.0,106.24704834488867,7251.184986111113,7061.2,7469.08,105.61287337759485,7237.899166666669,7062.2,7482.64,105.98623019639588,7244.327472222225,0.00623619,278.93723994,16.688421026573756,10.277267897249983,44.879988573,2033188.4422,120572.08124091425,74295.42258525953,7061.5157484,7480.2524993,105.8741607594925,7244.0399783568055,3.6514077999,2017-11-09
2017-12-29,14000.0,15098.97,247.45745590087773,14534.657256944392,14000.0,15111.0,245.94500086582755,14560.693340277783,13998.0,15079.54,249.07686139366953,14506.493555555526,14000.0,15100.0,248.40723718108967,14534.974930555547,0.03607464,118.40171938,12.315695078728778,9.378960411222227,535.47677566,1705025.4858,178238.70467835988,135921.9713673761,13999.983583000001,15096.548772,248.36704580680254,14533.09224733401,3.651307217,2017-12-29
2018-01-13,13794.05,14547.32,122.90357614242296,14225.507479166663,13811.98,14619.1,122.2831620939899,14240.432201388894,13789.42,14542.3,122.50559120876852,14209.504923611119,13790.0,14546.87,122.08306466404883,14224.945451388912,0.00677052,129.93509787,8.998394680757599,5.2006854294930625,94.76006251,1846577.4228,128042.1942924276,74024.75700724484,13792.370866,14578.238194999998,122.0402280244942,14225.001391134012,3.6463650398,2018-01-13
2018-01-28,11360.52,11982.0,132.03707281355364,11673.009222222228,11392.81,11989.15,132.43002912439866,11685.58990277779,11360.52,11962.93,130.9606570206564,11660.92629166663,11360.52,11982.0,131.74763684330125,11673.103618055535,0.00447842,162.56296255,10.939609667956493,6.917878430215272,52.100012559,1906762.2906,128463.9116978867,80970.09516979814,11363.471443,11981.464191,131.82433273202673,11672.835309936794,3.6428477011,2018-01-28
2017-10-24,5464.65,5869.99,71.07153723607698,5660.039791666671,5474.54,5870.0,70.50538279633707,5665.326090277801,5453.01,5869.99,71.5232705868622,5653.708763888885,5463.32,5869.99,70.81508687774523,5659.772756944453,0.00180652,347.0773519,24.129463398740327,12.020603466701381,9.9700212932,1964269.8837,135893.60070778744,67841.03383716145,5459.3740235,5869.99,71.11209710054639,5658.967183009521,3.6366841312,2017-10-24
2017-11-17,7537.03,7997.0,89.45779867315215,7827.82926388891,7544.68,7997.0,88.92633675444537,7834.703368055566,7528.5,7994.99,89.89899221889904,7819.2963333333455,7537.17,7996.99,89.60729749979059,7827.064805555566,0.0021,240.76804298,21.474112515487235,12.315462034430576,16.191147,1913163.0965,166850.91862472557,96026.55658693757,7535.9543339,7996.2321121,89.56913253782493,7826.669954468815,3.6354311709,2017-11-17
2017-12-14,15852.84,16819.05,188.56365344102554,16343.487763888896,15880.21,16830.45,188.47544416669,16364.04438888887,15852.69,16783.22,187.776759001723,16311.748680555549,15852.76,16830.45,188.1573808631656,16343.036833333323,0.06640925,97.13067251,9.833967967100754,9.331848647749988,1100.5522892000001,1571644.4432,161069.16597193285,152592.54718258153,15856.757256,16821.223263,188.75910669175946,16340.216884161837,3.6349907993,2017-12-14
2017-11-13,5850.1,6770.0,234.2645329991368,6346.928430555555,5852.0,6775.75,234.19828107851467,6356.1807777777885,5846.0,6755.46,234.1345226852944,6337.359749999993,5846.0,6775.0,233.85529990017082,6346.988562500001,0.01,283.53193212,26.7913234308866,18.89214303182641,62.895817,1842957.5486,172272.17270023437,120824.13460769725,5847.7944467,6772.971676100001,234.28605637918574,6346.714950662643,3.6312627168,2017-11-13
2018-05-01,8826.86,9243.51,59.02340287331091,8988.599097222266,8855.28,9249.99,58.52960880966426,8993.878597222256,8815.91,9231.23,58.87257231146401,8983.128222222233,8826.59,9240.88,58.69962457071816,8988.595694444466,0.0015,212.8470883,15.864801102623284,8.42934997256945,13.431,1889994.7461,142120.9078522884,75714.11879575519,8822.205437,9243.3069834,58.873899467336855,8988.335162892581,3.6259558062,2018-05-01
2018-05-10,8995.37,9381.96,105.35606197596354,9265.457847222253,9005.01,9393.0,105.23749964524632,9270.800618055597,8987.74,9380.0,105.92577449235812,9259.500791666655,8995.36,9392.93,105.63046078454211,9265.502951388902,0.00628224,197.68377268,18.182409982601374,8.171991935208318,58.260090203000004,1845896.2134,167586.8483001162,75465.1318271679,8998.1053973,9389.416942,105.55488848723856,9264.89547157583,3.6244352384,2018-05-10
2018-03-17,7751.27,8350.0,154.96088216447353,8079.781048611109,7778.02,8356.4,153.49655723352336,8086.072284722238,7730.23,8327.92,156.50839954585098,8073.216868055555,7751.3,8350.0,155.235584573882,8079.593062500001,0.00075,229.70695185,16.621206938801116,8.434967051743055,5.96844,1918019.0354,135127.45015788713,68120.60482312733,7743.964467399999,8349.851930600002,155.2723260923389,8079.465493431598,3.6230591441,2018-03-17
2018-02-12,8077.25,8988.47,190.37903699505688,8624.33491666665,8109.49,8995.0,190.54294621172588,8633.973868055564,8067.0,8971.43,189.57796258614619,8613.762937499974,8092.18,8988.47,189.58881334559902,8624.076937500005,0.00117554,208.45762371,17.18180157880353,10.500329229451387,10.00001314,1854027.9246,149937.82964967168,90953.49761891265,8081.199346699999,8985.5690038,190.0505088887215,8623.884496307432,3.6212325709,2018-02-12
2018-01-18,10700.0,12129.0,332.4396469605217,11496.216465277765,10718.78,12146.0,330.21668461371434,11521.092972222234,10693.0,12115.85,333.4531181947612,11469.517465277751,10699.73,12129.01,332.85503609273684,11495.746736111108,0.20124546,131.0059217,14.524287193781639,15.413376403166636,2222.5913520999998,1533435.8814,168474.04432980617,177835.17359631095,10710.585647,12131.957622,332.601964921181,11494.871755379161,3.6060060584,2018-01-18
2017-09-16,3503.0,3872.9,86.9901724810228,3696.834361111117,3510.01,3872.9,85.9284376528949,3701.457243055565,3500.0,3868.8,87.92037430307384,3690.300444444444,3503.01,3872.9,87.18923989195908,3696.292625000008,0.00268757,515.03373619,31.791299909086934,16.092474204180583,9.9165151589,1884125.6454,115540.81706475507,59000.81334476491,3506.5259919,3869.9866850000003,87.00441360913526,3695.731025085838,3.603339067,2017-09-16
2017-11-25,8116.67,8734.99,206.03730520312166,8428.653062500012,8125.29,8737.0,207.32773882974163,8433.098027777798,8114.78,8728.37,204.14153669748126,8422.982298611088,8116.67,8734.99,205.7694482414506,8428.860465277778,0.00357255,216.63004182,17.509503239721937,8.07743963796528,29.239535475,1769867.4414,145672.22047152332,67910.79408338915,8116.6966103,8734.717004600001,205.87646920852242,8428.590550390478,3.5944546915,2017-11-25
2018-02-04,7835.99,9350.09,387.9432570495232,8723.168819444465,7850.45,9350.09,384.6782038028981,8736.803763888904,7825.0,9325.0,392.4164786614909,8708.264354166657,7835.99,9348.91,388.29753504320365,8722.604465277787,0.00166935,210.75914641,22.322648964926135,13.27874088052084,15.343262946,1673590.9082,184046.43340415272,112571.78160656076,7838.0578089,9325.117382100001,388.32956716972996,8721.46809870264,3.5943826198,2018-02-04
2018-06-05,7365.0,7662.65,86.78793494778016,7491.506548611131,7379.53,7685.0,86.39235562135573,7495.369215277799,7360.0,7641.18,87.17954575840054,7487.665895833337,7366.47,7657.12,86.962685816492,7491.722708333352,0.00097968,239.44158540000004,15.224819687949848,6.925277014388894,7.457422127999999,1832537.4359,114911.96350347526,51900.932858783955,7370.083901000001,7653.379979100001,86.71991168480854,7491.534614277367,3.5936060354,2018-06-05
2018-05-20,8170.71,8575.45,115.09830206655671,8362.003618055565,8178.99,8590.0,115.24713247754708,8366.538201388914,8170.71,8567.88,114.70035244452008,8356.496333333333,8176.82,8575.45,114.97446340006826,8361.972944444464,0.00088933,220.00695244,12.764962114203461,3.6927451420555624,7.5632091587,1826569.0549,106624.3075346625,30924.195633888296,8170.7722955,8583.3858831,115.06290462229374,8362.012536354647,3.5919523603,2018-05-20
2018-02-18,10170.01,11300.0,235.16643439038094,10738.18613888891,10182.09,11300.0,233.4561295123881,10750.456875000014,10153.15,11290.0,235.97617836067727,10725.311750000013,10172.77,11294.99,234.8204033539636,10737.341631944453,0.00388001,148.98890719,16.475216818169,12.2396351529861,42.836733151,1601632.0608,175761.93504355545,131073.82731557437,10156.402068000001,11298.007345999999,235.0454839404577,10737.505641870848,3.591201704,2018-02-18
2017-10-01,4220.0,4377.22,29.00158932190474,4290.879263888898,4220.0,4377.22,28.875341732436333,4292.513625000009,4216.0,4377.22,29.342974391069163,4288.988645833334,4219.99,4377.22,29.12403578349773,4290.9005902777835,0.00116,444.43505194,15.305209215674289,5.2053050725833305,4.9769684000000005,1880110.7925,65046.38543205164,22284.39523559633,4219.6289926,4377.22,29.31729611179524,4290.509618248958,3.5900908066,2017-10-01
2014-02-10,535.3,709.9,24.85199658825758,673.0423958333332,535.31,713.0,24.07892557256271,674.5808194444436,530.0,703.47,25.518925048834475,671.6883750000005,535.3,713.0,24.791381118210722,673.0791180555542,0.00762396,3379.7508294,158.2967022765759,50.78039375655557,5.2507737312,1865888.5439,94768.15130358931,32476.95200475327,533.93210579,708.95344043,24.802235166173045,673.1327134400763,3.5888303517,2014-02-10
2018-06-10,6651.0,7498.0,234.86479503466197,7134.1216319444775,6669.54,7498.0,233.43248838884242,7139.147083333341,6627.7,7471.67,236.51074959627894,7127.31520138888,6652.53,7479.51,234.7665852220799,7133.649305555566,0.00154073,239.97643796,20.95325116550923,9.996301217923605,11.151603445,1760982.2778,145077.3658609926,69631.55433272634,6647.3842123,7481.5759786,235.00507510431845,7132.9570115067345,3.5866225593,2018-06-10
2018-05-06,9378.27,9917.81,139.21198973459292,9615.925166666693,9394.02,9918.41,139.78084659395222,9620.87770833338,9375.0,9904.1,138.76015602370413,9609.98879166666,9375.0,9917.81,139.17602558283878,9615.699180555568,0.00064678,182.16792398,12.677779227137252,5.67048245986806,6.1582704954,1736250.8549,120816.86031591422,54336.364026147305,9381.148331,9914.2314766,139.30708488108647,9615.292845442487,3.5812770139,2018-05-06
2017-10-29,5691.96,6309.78,157.94992972981106,5883.437624999992,5693.66,6316.85,159.69478294280302,5886.949708333334,5683.0,6291.64,155.82042938198495,5879.333881944439,5691.96,6309.78,158.15583096931414,5883.7243263888895,0.00085712,297.91857127,25.42546000236873,11.191567394361108,4.9799786256,1734908.2114,152811.9797263655,67034.76166428518,5689.846943399999,6302.1357387,158.00043002762465,5883.189833779927,3.5786946407,2017-10-29
2018-05-25,7341.87,7645.77,72.26231983185767,7486.715451388924,7355.51,7661.07,71.75585419211978,7492.075986111135,7328.13,7639.45,72.86860147129734,7480.635298611125,7341.86,7650.82,72.46936687486925,7486.668048611141,0.00100622,237.84424814,16.15620578145309,7.016558857694447,7.442999277799999,1763587.8069,120268.0891479395,52406.050900649054,7346.0101815,7648.974554800001,72.29368513068995,7486.1626936236125,3.5767129566,2018-05-25
2018-05-04,9541.2,9776.32,44.82561107866706,9656.817118055553,9560.01,9784.73,45.150662627865756,9662.263159722235,9527.38,9766.94,44.430834751246245,9650.022666666666,9544.2,9777.89,44.62581817824638,9656.508229166666,0.00081599,179.70076540000002,12.57222108020686,5.087536160493057,7.8759436399,1722438.8157,121154.68530352852,49108.986597579875,9543.4733595,9778.119778799999,44.771635383487855,9656.065965841874,3.5764020952,2018-05-04
2018-05-23,7450.43,8022.05,160.582917888724,7785.0745486111355,7457.21,8032.01,159.1967861051464,7792.117784722262,7435.49,8017.8,161.55163648988022,7777.127381944455,7450.43,8020.0,160.83788109408007,7784.575402777791,0.01602394,220.94435259,19.21333842704913,12.2471536759514,126.58896576,1684805.4816,147065.1014134866,94548.5646223963,7448.6126487,8025.1699183,160.73781592804946,7784.482606406806,3.5725441002,2018-05-23
2018-03-15,7690.31,8423.69,167.30294413494008,8112.808472222257,7715.55,8425.0,166.3024423087644,8123.926666666687,7682.0,8408.98,167.9534998069668,8102.043701388899,7684.69,8425.0,167.15868257167745,8112.515770833351,0.001217,212.8210125,17.454444365639997,12.794268468951401,9.976722599999999,1674724.5144,140593.54704419462,103408.9791033619,7696.4470697,8419.2135289,167.24393692491444,8112.854289000845,3.5720554449,2018-03-15
2017-11-19,7675.64,8087.0,110.0342951529549,7825.808138888883,7680.65,8087.35,110.98479789089981,7829.250083333329,7675.0,8086.0,108.77507416221893,7821.637555555538,7675.0,8087.0,110.09823699737697,7825.9264166666635,0.00065,227.54166916,14.049519465855948,5.821591864902784,5.072977,1756452.0535,110460.09400557553,45775.81666727394,7675.214573800001,8087.0044662,110.05895550422237,7825.420315610492,3.5710447201,2017-11-19
2018-05-22,7961.52,8414.5,90.54110225949887,8233.591548611126,7974.24,8417.65,90.48343087890956,8238.436548611131,7951.41,8405.2,91.28873683365964,8227.346625000002,7953.17,8412.86,90.63867719588362,8233.2557916667,0.00107541,209.9629781,15.272263222927545,6.320181102034727,8.836633215900001,1721978.3403,124534.20068843194,51758.540133981325,7959.1082695,8412.380377,90.76937913960474,8232.819020327775,3.5683802076,2018-05-22
2018-06-20,6563.0,6808.0,66.60156113388322,6681.0858611111,6571.54,6809.26,66.28180633399685,6683.668201388895,6558.95,6792.69,66.88984740715222,6677.759861111107,6561.79,6807.5,66.59643696870087,6680.922951388888,0.00139633,259.86337939,11.149057206572499,3.6168159727986082,9.2373373352,1764341.6607,74940.23628784479,24158.85099716024,6562.4765641,6803.422062999999,66.55647056576244,6680.60963104951,3.5589609588,2018-06-20
2018-01-31,9519.0,10324.0,145.83627046375992,9987.579312500002,9560.0,10324.0,143.7633360018651,10000.225458333356,9514.96,10315.0,147.99798423842003,9971.159951388889,9519.01,10324.0,145.5006805890823,9987.00209722223,0.00688048,164.38290143,13.673838731184205,8.849659354576385,69.0972204,1599064.0535,135097.17625040218,88002.38703871761,9530.5422158,10323.667776999999,146.57606152510348,9985.909391786581,3.5526929071,2018-01-31
2018-04-03,7020.09,7505.46,122.77539433992709,7325.682138888894,7020.28,7506.84,122.65018187957845,7330.2864861111275,7001.28,7501.0,122.95761631631845,7319.998347222213,7020.0,7505.68,122.75166065621171,7325.304333333331,0.00091,219.79313845,22.254643201311893,11.173292797937503,6.4263927,1606496.4754,163191.2211970984,81958.18446729703,7011.6952495000005,7505.602806300001,122.6740878039334,7325.336386033411,3.5449482371,2018-04-03
2014-10-05,277.97,338.9,14.449492956230207,315.7042499999995,278.17,339.43,14.304777129908144,316.2839236111105,275.0,338.7,14.754396074397295,315.112194444445,277.97,339.43,14.498969830170825,315.7185833333332,0.01645376,5853.8521659,181.89430026353253,43.4222464134861,5.4928462102,1761475.8256,54618.68466553038,13290.427018560216,276.25875918,339.00526353,14.555744726256332,315.6780481981454,3.5442057203,2014-10-05
2018-06-01,7358.77,7602.97,56.98607931540867,7481.133180555591,7369.8,7620.01,56.982483960924434,7484.9744444444805,7348.45,7597.78,56.6369152301397,7476.944256944447,7359.99,7603.76,56.762020938386236,7481.193180555582,0.00197122,230.85022031,12.961727099152043,4.703801323590277,14.805124282000001,1698266.3169,96771.8664693695,35186.68751096543,7356.572216699999,7611.6740198,56.937167421499325,7480.738074537078,3.5417553853,2018-06-01
2018-04-18,7877.74,8223.99,95.17645130321425,8057.208597222226,7885.8,8235.0,95.33997186689112,8061.578312500016,7870.35,8213.05,94.68157003325254,8051.894999999988,7878.01,8223.99,94.98615892074889,8057.3129930555615,0.00646389,199.65536061,15.526305436879102,6.407780970888894,51.182770928000004,1640744.9454,125973.96864287673,51753.644044035034,7878.2527191,8223.951311,94.95171649963501,8056.830537172492,3.5383668758,2018-04-18
2017-11-05,7281.99,7590.0,74.6560282656737,7458.540548611119,7284.34,7590.0,74.09541793801726,7462.992583333346,7275.16,7589.99,75.25749394000673,7452.154069444458,7281.57,7590.0,75.08216442733396,7458.392979166676,0.00101,223.01727563,15.972551377691323,6.501202656999998,7.4808781,1654472.0979,118512.98063179283,48399.271378996345,7281.8943618,7589.9912764,74.74951620123296,7457.701864272007,3.5351345165,2017-11-05
2017-09-08,4129.99,4679.0,164.65286900559863,4482.8805972222235,4133.81,4679.97,161.89521579401696,4487.445923611118,4125.99,4676.01,167.6219088133514,4477.510124999997,4129.99,4679.0,165.0134293587051,4482.604402777778,0.002,378.0891193,31.96710551082074,16.539692213854178,9.173739999999999,1631894.2517,139402.10447016155,72315.34688680213,4127.228466099999,4678.836393500001,165.1378319904339,4482.128913253055,3.5302815999,2017-09-08
2017-09-01,4677.95,4931.1,56.68444740183822,4801.826097222236,4679.59,4935.0,56.96962789906185,4804.446131944447,4671.09,4921.9,56.43920870067247,4797.498319444445,4671.1,4921.92,56.75609653555557,4801.706236111117,0.00474649,347.6516653,19.83976800634103,10.688582194875,22.327773749000002,1675689.2086,95834.85228789909,51391.16369524064,4673.4116971,4927.5799244,56.65299309403925,4801.471753478394,3.5249396533,2017-09-01
2018-03-16,7921.97,8608.24,182.90797829886225,8315.055826388889,7961.34,8613.06,182.79270938650748,8323.087076388883,7914.08,8583.0,183.50514657157103,8306.532652777778,7921.97,8608.24,182.88854058508113,8315.006604166676,0.00121135,182.57848936,17.09043681369514,11.478338486277758,9.930768435,1523511.1884,142011.37120110323,95460.90704201613,7931.5701793,8602.1730973,183.20623788017136,8314.897490124247,3.5235857794,2018-03-16
2017-08-13,3841.71,4182.96,68.10342907392592,4023.1120763888953,3844.0,4190.0,67.79190946459339,4027.5592847222306,3841.71,4175.13,68.15017908762013,4018.1272013888874,3841.71,4179.95,68.0257276134951,4023.2860000000037,0.00235576,435.41285108,22.237218277635264,11.06050339575692,9.333049968,1694794.6989,88102.86732597042,44321.396218258924,3841.7602539000004,4187.721061,68.15173301961615,4022.872568971597,3.5234144272,2017-08-13
2018-03-01,10223.41,11080.01,215.71865311162125,10649.948715277795,10235.18,11090.0,215.5262941642153,10658.140916666696,10223.41,11057.0,215.2541886780974,10642.369798611096,10230.0,11082.96,215.21571655899666,10650.838465277793,0.00089497,138.40493658,12.355907656010288,6.613571054451395,9.4983076603,1496285.5145,133285.31991247414,70945.86911778018,10230.804729000001,11077.982719,215.32513469428537,10650.387576292374,3.5220530828,2018-03-01
2018-06-13,6139.99,6614.67,116.72794857112649,6443.258979166678,6167.13,6624.45,115.61127880716948,6448.252750000018,6120.0,6602.35,117.43154561479066,6436.521770833336,6135.38,6614.67,116.60153275856412,6443.017722222231,0.00791631,238.32418636,25.38533837696712,13.326739290680553,51.862121703,1521089.0922,161237.21164629998,85268.60287513884,6141.8266562,6612.4961485,116.75494097178628,6442.164773967491,3.5175257356,2018-06-13
2017-10-21,5872.76,6179.99,50.00901266343443,6073.649444444449,5900.0,6180.0,48.75772212532321,6077.727958333333,5871.0,6178.0,50.68636234510487,6068.569604166668,5872.76,6180.0,49.822149875385,6073.861624999996,0.00083554,269.95601001,21.600560676486605,10.680808899541677,5.1000191844,1593778.5622,129744.07745931932,64619.266604723314,5883.5418728,6179.9938096000005,49.80204537154808,6072.986285338129,3.5151513734,2017-10-21
2018-03-27,7747.42,8204.03,97.91601997681953,7965.642875000028,7763.72,8211.62,97.3590103370736,7973.05052777778,7742.11,8197.73,98.59224037974668,7958.8212916666735,7755.78,8204.02,97.93672902127744,7965.760694444459,0.00062346,191.39808758,15.982743813702756,8.608256942465264,5.1005200254,1550138.9709,127303.36156867108,68454.43484796202,7751.3657382,8211.195628899999,98.07606403331701,7965.57686842973,3.511560969,2018-03-27
2017-10-20,5600.75,6072.16,151.13635984882328,5788.669833333344,5608.44,6074.0,151.8980991167655,5792.075263888894,5589.8,6065.02,149.71747115252188,5783.976937499988,5601.0,6070.7,151.06045831291738,5788.776069444453,0.0008900000000000001,262.18291609,22.023675907338305,10.50844573619444,5.0463,1571794.493,130196.32712862782,61907.51418536098,5591.9465212,6069.2286942,151.1245318583638,5788.395173812288,3.5041512206,2017-10-20
2014-04-10,357.57,442.46,17.718232740469965,408.49391666666685,360.0,442.46,17.407173189930084,409.33308333333366,357.57,442.46,17.98467536828659,407.76898611111005,357.57,442.46,17.71620243368985,408.4784097222222,0.00243433,4111.8761063,154.89945818446554,35.135153691923655,0.9999984206999999,1666193.284,62229.951461001125,14026.139859369907,358.12487663,442.46,17.695230909713775,408.5186301973609,3.5005840316,2014-04-10
2018-02-25,9291.77,9865.0,132.97681071201893,9595.429541666703,9299.86,9883.41,132.2281140290612,9603.652236111135,9260.0,9857.35,134.3985591906232,9586.986083333342,9290.08,9879.98,133.26717355672673,9595.83642361113,0.00111312,150.78132029,13.534000014153198,7.675989883347217,10.716084158,1462225.4816,128947.76689633401,73281.2253188538,9275.5929198,9877.754197299999,133.644294127543,9594.987016571173,3.499000284,2018-02-25
2014-02-24,520.0,614.84,17.260934133190787,568.1264791666664,534.0,629.0,17.147607173398242,568.8815763888887,514.02,611.52,17.462118885246223,567.079083333333,520.0,627.88,17.27961463783883,568.0974374999988,0.004556,3134.588484,124.47272608454394,36.23336793481247,2.76494528,1659300.5469999998,69139.90812412208,20481.230439338295,522.88309931,618.65458143,17.318244870672405,567.9006896735348,3.4975254037,2014-02-24
2018-04-02,6763.53,7106.0,60.67089266516836,6978.0310347222285,6770.71,7106.5,60.536079579254,6983.088409722238,6759.96,7098.99,60.1045011388566,6972.2561666666625,6767.37,7106.49,60.40530964908017,6978.018000000003,0.00171036,211.49362782,20.488694594223418,9.462531082305555,11.861141357000001,1481011.6492,143340.3500146352,66092.48160009357,6768.3403800999995,7106.406833200001,60.328245564231416,6977.692855814156,3.491752729,2018-04-02
2018-05-02,8975.24,9258.69,59.174299964493585,9112.77737500002,8987.9,9259.16,59.45278190237252,9116.972902777788,8975.23,9250.0,58.47860122335393,9107.578791666652,8979.4,9258.3,59.127493688579754,9112.689791666677,0.00785802,162.70021782,12.925047304050496,7.344428044159709,71.314238821,1465138.25,117514.32252242879,66910.64853482522,8978.081770899998,9257.0909995,58.98268727935669,9112.215093033261,3.4898678049,2018-05-02
2018-03-22,8503.75,9084.69,179.52090106355524,8793.353548611125,8508.81,9099.59,178.7386099655461,8798.867840277791,8503.52,9077.18,180.72411848450122,8787.586472222229,8503.75,9088.09,179.63281861400483,8793.326687500008,0.0007689,166.28740471,14.350038622960698,8.77133326974999,6.65982735,1452291.3733,125082.80057489689,76598.91641380101,8504.726466099999,9093.899335600001,179.9566554565888,8793.115539665341,3.4886460076,2018-03-22
2017-08-15,3817.0,4400.0,145.38813277127807,4167.817159722227,3828.72,4400.0,144.10491183131526,4172.507354166678,3800.0,4399.5,146.31033867262445,4161.5625555555625,3801.96,4400.0,145.44426316632303,4167.686743055565,0.00280153,385.30132982,29.36471440914098,17.744313763583293,11.466509769000002,1542346.9089,118756.73473618344,72781.44755030378,3810.8313213,4399.9654088,145.2976313359476,4166.7891314813805,3.4866277256,2017-08-15
2018-04-30,9111.01,9440.4,63.00159461977612,9291.015416666658,9137.59,9443.96,62.44111993252204,9296.16637500002,9111.0,9435.65,63.29819382648802,9284.592486111096,9114.85,9440.1,63.07178276254673,9290.616041666668,0.00982824,161.87113072,9.706199728643494,5.615061315666667,91.873260027,1482582.1372,89659.59878887967,52068.36590000424,9122.889872799999,9442.954791299999,63.1121136023254,9290.35964742299,3.4842731231,2018-04-30
2018-06-25,6090.85,6334.07,58.7317575603009,6203.340145833362,6101.91,6365.34,58.494685961229926,6206.737152777799,6075.01,6317.99,59.07373842984979,6199.038513888893,6090.85,6332.28,58.632621903648904,6203.3115555555705,0.00103715,245.98802151,16.47141690201138,6.732085580319429,6.5153659285000005,1558147.4633,102573.55473358632,41771.14686995596,6093.8045556,6334.241211199999,58.82627590679493,6202.747358402924,3.483610639,2018-06-25
2017-03-10,983.0,1329.66,49.34634830393547,1202.469680555557,1009.92,1350.0,48.877498513876326,1203.985423611111,975.0,1312.03,50.41445740027383,1200.8253402777798,980.0,1329.0,49.251697614690535,1202.488486111112,0.00347784,1616.0600006,88.31147494040393,23.496142555291645,4.1862064512,1605414.3513,97519.9638487877,27271.946826518833,993.41259034,1338.0261199000001,49.640416079769295,1202.4074807283619,3.4784152293,2017-03-10
2018-01-01,12840.0,13941.49,215.58914641692192,13426.557534722224,12868.86,13941.75,215.5134158418683,13445.481694444448,12801.38,13881.79,217.58727134006222,13404.331486111103,12839.05,13941.49,215.70692288857245,13425.415124999998,0.0038115000000000002,94.23051585,9.249350650404917,5.342504204437494,51.702883155,1279566.3222,123576.09448340019,71448.5039215904,12823.580565,13932.655493,216.62461341826673,13424.163410425002,3.4782671408,2018-01-01
